11,男,86,新北市,每週3次,HTC,Spotify,KKBOX,Apple Music,Spotify		,KKBOX		,Apple Music		,My Music		,Mixer Box		,Street Voice 街聲		,QQ音樂,不會，但使用電腦時會使用YouTube網頁版聽音樂,NONE,有,我只願意使用YouTubeMusic的免費版本(會有廣告),學生 - 兼職打工/實習,"$5,000以下",Spotify
22,女,73,台北市,每週3次,iPhone,Spotify,KKBOX,Apple Music,Spotify		,Apple Music		,Mixer Box		,KKBOX		,My Music		,Street Voice 街聲		,QQ音樂,不會，但使用電腦時會使用YouTube網頁版聽音樂,NONE,無,我只願意使用YouTubeMusic的免費版本(會有廣告),全職員工 (每週工作時數為30小時或以上),"$60,001-$70,000",Spotify
40,男,88,高雄市,每週3次,Samsung,Spotify,KKBOX,Apple Music,Spotify		,KKBOX		,Apple Music		,My Music		,QQ音樂,Street Voice 街聲		,Mixer Box		,會,每週3次,無,我不願意使用YouTubeMusic,學生 - 未兼職,"$5,000以下",Spotify
0,女,87,台北市,每週3次,Samsung,KKBOX,Spotify,Apple Music,KKBOX		,Spotify		,Apple Music		,My Music		,Mixer Box		,Street Voice 街聲		,QQ音樂,會,每週4次以上,無,我只願意使用YouTubeMusic的免費版本(會有廣告),學生 - 兼職打工/實習,"$5,001-$10,000",KKBOX
7,女,85,台北市,每週3次,iPhone,KKBOX,Spotify,Apple Music,KKBOX		,Spotify		,Apple Music		,My Music		,Mixer Box		,Street Voice 街聲		,QQ音樂,不會，但使用電腦時會使用YouTube網頁版聽音樂,NONE,無,我不願意使用YouTubeMusic,學生 - 兼職打工/實習,"$5,001-$10,000",KKBOX
20,男,84,台北市,每週3次,iPhone,KKBOX,Spotify,Apple Music,Apple Music		,KKBOX		,Spotify		,Mixer Box		,My Music		,QQ音樂,Street Voice 街聲		,不會,NONE,無,我不願意使用YouTubeMusic,全職員工 (每週工作時數為30小時或以上),"$30,001-$40,000",KKBOX
29,男,86,桃園市,每週3次,iPhone,KKBOX,Spotify,Apple Music,Spotify		,KKBOX		,Apple Music		,Mixer Box		,Street Voice 街聲		,QQ音樂,My Music		,會,每週4次以上,有,我只願意使用YouTubeMusic的免費版本(會有廣告),學生 - 未兼職,"$5,000以下",Apple Music
9,男,60,屏東縣,每週3次,SONY,Spotify,KKBOX,iTunes,Spotify		,KKBOX		,Apple Music		,My Music		,Street Voice 街聲		,QQ音樂,Mixer Box		,會,每二週1次,有,我只願意使用YouTubeMusic的免費版本(會有廣告),全職員工 (每週工作時數為30小時或以上),"$90,001-$100,000",Spotify
41,女,86,高雄市,每週3次,iPhone,KKBOX,Spotify,joox,Apple Music		,Spotify		,KKBOX		,QQ音樂,My Music		,Mixer Box		,Street Voice 街聲		,會,每週4次以上,有,我不願意使用YouTubeMusic,學生 - 兼職打工/實習,"$5,001-$10,000",KKBOX
45,男,83,苗栗縣,每週3次,iPhone,Spotify,iTunes,KKBOX,Spotify		,KKBOX		,Mixer Box		,Apple Music		,My Music		,QQ音樂,Street Voice 街聲		,會,每週4次以上,無,我只願意使用YouTubeMusic的免費版本(會有廣告),學生 - 兼職打工/實習,"$10,001-$20,000",Spotify
8,女,82,新北市,每週3次,iPhone,iTunes,Spotify,KKBOX,Apple Music		,Spotify		,KKBOX		,Street Voice 街聲		,My Music		,Mixer Box		,QQ音樂,會,每週4次以上,有,我只願意使用YouTubeMusic的免費版本(會有廣告),學生 - 未兼職,"$5,001-$10,000",Apple Music
1,女,83,台北市,每週3次,iPhone,Mixer Box,Spotify,KKBOX,Spotify		,Apple Music		,Mixer Box		,KKBOX		,Street Voice 街聲		,My Music		,QQ音樂,不會，但使用電腦時會使用YouTube網頁版聽音樂,NONE,有,我只願意使用YouTubeMusic的免費版本(會有廣告),全職員工 (每週工作時數為30小時或以上),"$30,001-$40,000",Mixer Box
34,男,71,台北市,每週3次,iPhone,KKBOX,Apple Music,Mixer Box,Apple Music		,KKBOX		,Mixer Box		,QQ音樂,My Music		,Spotify		,Street Voice 街聲		,會,每週1~2次,有,我願意付費使用YouTubeMusic,全職員工 (每週工作時數為30小時或以上),"$40,001-$50,000",Mixer Box
23,男,75,高雄市,每週3次,其他，請填答,KKBOX,friday音樂,NONE,Spotify		,KKBOX		,My Music		,Apple Music		,Mixer Box		,Street Voice 街聲		,QQ音樂,不會，但使用電腦時會使用YouTube網頁版聽音樂,NONE,無,我不願意使用YouTubeMusic,待業中,"$5,000以下",KKBOX
24,女,73,高雄市,每週3次,Asus,KKBOX,iTunes,NONE,KKBOX		,Street Voice 街聲		,Apple Music		,Spotify		,My Music		,Mixer Box		,QQ音樂,不會，但使用電腦時會使用YouTube網頁版聽音樂,NONE,無,我只願意使用YouTubeMusic的免費版本(會有廣告),全職員工 (每週工作時數為30小時或以上),"$60,001-$70,000",KKBOX
15,女,87,新北市,每週3次,iPhone,Spotify,KKBOX,NONE,Spotify		,KKBOX		,Mixer Box		,Apple Music		,Street Voice 街聲		,QQ音樂,My Music		,會,每週1~2次,有,我只願意使用YouTubeMusic的免費版本(會有廣告),學生 - 兼職打工/實習,"$5,000以下",Spotify
33,男,81,台中市,每週3次,iPhone,Spotify,KKBOX,NONE,KKBOX		,Spotify		,Apple Music		,My Music		,Street Voice 街聲		,Mixer Box		,QQ音樂,會,每週1~2次,有,我願意付費使用YouTubeMusic,全職員工 (每週工作時數為30小時或以上),"$30,001-$40,000",KKBOX
36,男,88,高雄市,每週3次,OPPO,Spotify,KKBOX,NONE,Spotify		,KKBOX		,Street Voice 街聲		,Apple Music		,Mixer Box		,My Music		,QQ音樂,會,每週4次以上,無,我不願意使用YouTubeMusic,學生 - 未兼職,"$5,001-$10,000",Spotify
46,女,88,台北市,每週3次,其他，請填答,百度影音,KKBOX,NONE,KKBOX		,My Music		,Apple Music		,Spotify		,Street Voice 街聲		,Mixer Box		,QQ音樂,不會，但使用電腦時會使用YouTube網頁版聽音樂,NONE,有,我只願意使用YouTubeMusic的免費版本(會有廣告),學生 - 兼職打工/實習,"$5,001-$10,000",KKBOX
18,女,87,雲林縣,每週3次,iPhone,KKBOX,MB3,NONE,Spotify		,KKBOX		,Apple Music		,Mixer Box		,My Music		,QQ音樂,Street Voice 街聲		,不會，但使用電腦時會使用YouTube網頁版聽音樂,NONE,有,我只願意使用YouTubeMusic的免費版本(會有廣告),學生 - 兼職打工/實習,"$5,000以下",Mixer Box
19,女,81,高雄市,每週3次,Samsung,KKBOX,Mixer Box,NONE,Mixer Box		,KKBOX		,Apple Music		,My Music		,Spotify		,Street Voice 街聲		,QQ音樂,會,每週1~2次,無,我只願意使用YouTubeMusic的免費版本(會有廣告),待業中,"$5,000以下",Mixer Box
30,男,87,台北市,每週3次,Asus,KKBOX,My Music,NONE,Spotify		,KKBOX		,My Music		,Mixer Box		,Apple Music		,Street Voice 街聲		,QQ音樂,會,每週3次,無,我只願意使用YouTubeMusic的免費版本(會有廣告),學生 - 未兼職,"$5,000以下",Mixer Box
32,女,85,台北市,每週3次,其他，請填答,Apple Music,NONE,NONE,My Music		,Spotify		,Street Voice 街聲		,KKBOX		,Mixer Box		,Apple Music		,QQ音樂,不會，但使用電腦時會使用YouTube網頁版聽音樂,NONE,無,我只願意使用YouTubeMusic的免費版本(會有廣告),學生 - 未兼職,"$5,000以下",My Music
6,男,83,新北市,每週3次,SONY,KKBOX,NONE,NONE,KKBOX		,Spotify		,My Music		,Mixer Box		,QQ音樂,Apple Music		,Street Voice 街聲		,不會，但使用電腦時會使用YouTube網頁版聽音樂,NONE,無,我只願意使用YouTubeMusic的免費版本(會有廣告),全職員工 (每週工作時數為30小時或以上),"$50,001-$60,000",KKBOX
17,男,84,嘉義縣,每週3次,Asus,KKBOX,NONE,NONE,Apple Music		,Mixer Box		,KKBOX		,My Music		,Spotify		,Street Voice 街聲		,QQ音樂,會,每週3次,有,我只願意使用YouTubeMusic的免費版本(會有廣告),全職員工 (每週工作時數為30小時或以上),"$30,001-$40,000",KKBOX
42,男,83,台北市,每週3次,SONY,KKBOX,NONE,NONE,KKBOX		,Spotify		,Street Voice 街聲		,QQ音樂,Mixer Box		,My Music		,Apple Music		,不會，但使用電腦時會使用YouTube網頁版聽音樂,NONE,無,我只願意使用YouTubeMusic的免費版本(會有廣告),學生 - 兼職打工/實習,"$50,001-$60,000",KKBOX
21,女,81,台北市,每週3次,iPhone,Spotify,NONE,NONE,Spotify		,KKBOX		,Apple Music		,My Music		,Street Voice 街聲		,QQ音樂,Mixer Box		,會,每週3次,無,我只願意使用YouTubeMusic的免費版本(會有廣告),全職員工 (每週工作時數為30小時或以上),"$30,001-$40,000",Spotify
25,男,83,台北市,每週3次,HTC,Spotify,NONE,NONE,Mixer Box		,Spotify		,KKBOX		,Street Voice 街聲		,Apple Music		,QQ音樂,My Music		,會,每週4次以上,有,我只願意使用YouTubeMusic的免費版本(會有廣告),全職員工 (每週工作時數為30小時或以上),"$30,001-$40,000",Mixer Box
43,女,84,台北市,每週3次,Asus,Spotify,NONE,NONE,Spotify		,KKBOX		,Apple Music		,Street Voice 街聲		,QQ音樂,My Music		,Mixer Box		,會,每週4次以上,有,我只願意使用YouTubeMusic的免費版本(會有廣告),學生 - 兼職打工/實習,"$5,000以下",Spotify
44,女,83,台北市,每週3次,iPhone,Spotify,NONE,NONE,Spotify		,Apple Music		,Street Voice 街聲		,Mixer Box		,KKBOX		,My Music		,QQ音樂,會,每週1~2次,有,我只願意使用YouTubeMusic的免費版本(會有廣告),全職員工 (每週工作時數為30小時或以上),"$30,001-$40,000",Mixer Box
39,女,57,雲林縣,每週3次,SONY,YouTube,NONE,NONE,Apple Music		,Spotify		,KKBOX		,Street Voice 街聲		,Mixer Box		,QQ音樂,My Music		,會,每週3次,無,我只願意使用YouTubeMusic的免費版本(會有廣告),全職員工 (每週工作時數為30小時或以上),"$50,001-$60,000",其他
31,男,77,彰化縣,每週3次,HTC,KKBOX,QQ,NONE,KKBOX		,Apple Music		,QQ音樂,Mixer Box		,My Music		,Street Voice 街聲		,Spotify		,會,每週1~2次,無,我願意付費使用YouTubeMusic,全職員工 (每週工作時數為30小時或以上),"$30,001-$40,000",KKBOX
2,男,84,新北市,每週3次,iPhone,KKBOX,Spotify,NONE,Spotify		,Mixer Box		,Street Voice 街聲		,KKBOX		,My Music		,Apple Music		,QQ音樂,會,每週4次以上,有,我只願意使用YouTubeMusic的免費版本(會有廣告),學生 - 兼職打工/實習,"$10,001-$20,000",Mixer Box
3,女,87,高雄市,每週3次,HTC,KKBOX,Spotify,NONE,KKBOX		,Spotify		,Apple Music		,My Music		,Mixer Box		,Street Voice 街聲		,QQ音樂,會,每週3次,有,我只願意使用YouTubeMusic的免費版本(會有廣告),學生 - 兼職打工/實習,"$10,001-$20,000",KKBOX
4,女,82,台北市,每週3次,iPhone,KKBOX,Spotify,NONE,KKBOX		,Apple Music		,Spotify		,Mixer Box		,Street Voice 街聲		,My Music		,QQ音樂,不會，但使用電腦時會使用YouTube網頁版聽音樂,NONE,有,我願意付費使用YouTubeMusic,全職員工 (每週工作時數為30小時或以上),"$50,001-$60,000",KKBOX
5,男,87,新北市,每週3次,iPhone,KKBOX,Spotify,NONE,Spotify		,Apple Music		,KKBOX		,Mixer Box		,My Music		,QQ音樂,Street Voice 街聲		,會,每週1~2次,有,我不願意使用YouTubeMusic,學生 - 未兼職,"$5,000以下",Spotify
10,女,86,高雄市,每週3次,Samsung,KKBOX,Spotify,NONE,KKBOX		,Mixer Box		,Spotify		,My Music		,Street Voice 街聲		,Apple Music		,QQ音樂,不會，但使用電腦時會使用YouTube網頁版聽音樂,NONE,有,我不願意使用YouTubeMusic,學生 - 未兼職,"$5,001-$10,000",Mixer Box
12,女,87,高雄市,每週3次,HTC,KKBOX,Spotify,NONE,Spotify		,KKBOX		,QQ音樂,Apple Music		,My Music		,Street Voice 街聲		,Mixer Box		,會,每週4次以上,無,我只願意使用YouTubeMusic的免費版本(會有廣告),學生 - 兼職打工/實習,"$10,001-$20,000",KKBOX
26,女,87,桃園市,每週3次,iPhone,KKBOX,Spotify,NONE,Spotify		,Street Voice 街聲		,QQ音樂,Mixer Box		,KKBOX		,Apple Music		,My Music		,會,每週3次,有,我只願意使用YouTubeMusic的免費版本(會有廣告),學生 - 未兼職,"$5,001-$10,000",Apple Music
35,男,74,彰化縣,每週3次,iPhone,KKBOX,Spotify,NONE,KKBOX		,Spotify		,Apple Music		,My Music		,Mixer Box		,QQ音樂,Street Voice 街聲		,不會,NONE,有,我只願意使用YouTubeMusic的免費版本(會有廣告),全職員工 (每週工作時數為30小時或以上),"$40,001-$50,000",KKBOX
37,女,82,新北市,每週3次,iPhone,KKBOX,Spotify,NONE,KKBOX		,QQ音樂,Spotify		,Apple Music		,Mixer Box		,My Music		,Street Voice 街聲		,會,每週1~2次,無,我不願意使用YouTubeMusic,全職員工 (每週工作時數為30小時或以上),"$30,001-$40,000",KKBOX
47,女,83,台北市,每週3次,Asus,KKBOX,Spotify,NONE,KKBOX		,Spotify		,My Music		,Apple Music		,Street Voice 街聲		,QQ音樂,Mixer Box		,不會，但使用電腦時會使用YouTube網頁版聽音樂,NONE,有,我只願意使用YouTubeMusic的免費版本(會有廣告),學生 - 未兼職,"$5,001-$10,000",My Music
48,女,88,新北市,每週3次,iPhone,KKBOX,Spotify,NONE,KKBOX		,Apple Music		,Street Voice 街聲		,Spotify		,My Music		,QQ音樂,Mixer Box		,會,每週4次以上,無,我只願意使用YouTubeMusic的免費版本(會有廣告),學生 - 未兼職,"$5,000以下",KKBOX
28,女,85,台北市,每週3次,iPhone,Mixer Box,Spotify,NONE,Spotify		,Mixer Box		,Apple Music		,KKBOX		,QQ音樂,My Music		,Street Voice 街聲		,會,每週4次以上,有,我不願意使用YouTubeMusic,全職員工 (每週工作時數為30小時或以上),"$30,001-$40,000",Mixer Box
38,男,70,彰化縣,每週3次,SONY,Apple Music,Asus,Sony,Spotify		,KKBOX		,Apple Music		,Mixer Box		,Street Voice 街聲		,QQ音樂,My Music		,會,每週1~2次,有,我只願意使用YouTubeMusic的免費版本(會有廣告),全職員工 (每週工作時數為30小時或以上),"$80,001-$90,000",KKBOX
16,男,82,台北市,每週3次,iPhone,KKBOX,Apple Music,Spotify,KKBOX		,Spotify		,Apple Music		,Mixer Box		,QQ音樂,My Music		,Street Voice 街聲		,不會，但使用電腦時會使用YouTube網頁版聽音樂,NONE,有,我願意付費使用YouTubeMusic,學生 - 兼職打工/實習,"$10,001-$20,000",KKBOX
49,男,85,新北市,每週3次,Asus,KKBOX,Apple Music,Spotify,KKBOX		,Apple Music		,Spotify		,QQ音樂,My Music		,Mixer Box		,Street Voice 街聲		,會,每週1~2次,有,我只願意使用YouTubeMusic的免費版本(會有廣告),全職員工 (每週工作時數為30小時或以上),"$20,001-$30,000",Spotify
27,女,88,苗栗縣,每週3次,iPhone,KKBOX,iTunes,Spotify,KKBOX		,Street Voice 街聲		,Spotify		,Apple Music		,Mixer Box		,My Music		,QQ音樂,不會，但使用電腦時會使用YouTube網頁版聽音樂,NONE,無,我只願意使用YouTubeMusic的免費版本(會有廣告),學生 - 兼職打工/實習,"$5,001-$10,000",KKBOX
13,女,77,嘉義縣,每週3次,iPhone,Apple Music,KKBOX,Spotify,KKBOX		,Apple Music		,Spotify		,Mixer Box		,My Music		,Street Voice 街聲		,QQ音樂,不會，但使用電腦時會使用YouTube網頁版聽音樂,NONE,有,我只願意使用YouTubeMusic的免費版本(會有廣告),兼職員工 (每週工作時數介於15- 30小時),"$60,001-$70,000",Apple Music
14,男,83,桃園市,每週3次,SONY,Spotify,KKBOX,YouTube,Spotify		,KKBOX		,Apple Music		,My Music		,Street Voice 街聲		,Mixer Box		,QQ音樂,會,每週4次以上,無,我願意付費使用YouTubeMusic,學生 - 兼職打工/實習,"$5,001-$10,000",Spotify
57,男,82,台北市,每週4次以上,iPhone,Spotify,KKBOX,Apple Music,Apple Music		,KKBOX		,Spotify		,Mixer Box		,My Music		,Street Voice 街聲		,QQ音樂,不會，但使用電腦時會使用YouTube網頁版聽音樂,NONE,有,我不願意使用YouTubeMusic,學生 - 兼職打工/實習,"$10,001-$20,000",Apple Music
64,女,83,高雄市,每週4次以上,iPhone,Spotify,KKBOX,Apple Music,Spotify		,KKBOX		,Apple Music		,My Music		,Mixer Box		,Street Voice 街聲		,QQ音樂,會,每週1~2次,無,我只願意使用YouTubeMusic的免費版本(會有廣告),待業中,"$5,001-$10,000",Spotify
66,男,88,新北市,每週4次以上,iPhone,Spotify,KKBOX,Apple Music,Spotify		,KKBOX		,Apple Music		,Mixer Box		,My Music		,Street Voice 街聲		,QQ音樂,不會,NONE,有,我不願意使用YouTubeMusic,學生 - 未兼職,"$5,001-$10,000",Spotify
82,男,83,新竹縣,每週4次以上,iPhone,Spotify,KKBOX,Apple Music,Spotify		,KKBOX		,Apple Music		,Street Voice 街聲		,QQ音樂,My Music		,Mixer Box		,會,每週4次以上,有,我不願意使用YouTubeMusic,全職員工 (每週工作時數為30小時或以上),"$40,001-$50,000",Spotify
94,男,84,台北市,每週4次以上,iPhone,Spotify,KKBOX,Apple Music,Spotify		,KKBOX		,Street Voice 街聲		,Apple Music		,Mixer Box		,My Music		,QQ音樂,不會,NONE,有,我只願意使用YouTubeMusic的免費版本(會有廣告),兼職員工 (每週工作時數介於15- 30小時),"$5,001-$10,000",Spotify
103,女,85,嘉義市,每週4次以上,HTC,Spotify,KKBOX,Apple Music,Spotify		,KKBOX		,Apple Music		,QQ音樂,My Music		,Street Voice 街聲		,Mixer Box		,會,每週4次以上,無,我只願意使用YouTubeMusic的免費版本(會有廣告),兼職員工 (每週工作時數介於15- 30小時),"$10,001-$20,000",Spotify
105,男,83,桃園市,每週4次以上,Asus,Spotify,KKBOX,Apple Music,Spotify		,Street Voice 街聲		,KKBOX		,Apple Music		,Mixer Box		,My Music		,QQ音樂,不會，但使用電腦時會使用YouTube網頁版聽音樂,NONE,無,我不願意使用YouTubeMusic,待業中,"$5,000以下",Spotify
115,女,85,台北市,每週4次以上,iPhone,Spotify,KKBOX,Apple Music,KKBOX		,Spotify		,Apple Music		,Mixer Box		,Street Voice 街聲		,My Music		,QQ音樂,不會，但使用電腦時會使用YouTube網頁版聽音樂,NONE,有,我只願意使用YouTubeMusic的免費版本(會有廣告),學生 - 兼職打工/實習,"$5,000以下",Spotify
126,男,84,高雄市,每週4次以上,HTC,Spotify,KKBOX,Apple Music,Spotify		,KKBOX		,Apple Music		,My Music		,Mixer Box		,QQ音樂,Street Voice 街聲		,會,每週4次以上,無,我只願意使用YouTubeMusic的免費版本(會有廣告),學生 - 兼職打工/實習,"$10,001-$20,000",Spotify
139,女,76,新北市,每週4次以上,OPPO,Spotify,KKBOX,Apple Music,Spotify		,KKBOX		,Mixer Box		,Apple Music		,My Music		,Street Voice 街聲		,QQ音樂,不會,NONE,有,我只願意使用YouTubeMusic的免費版本(會有廣告),全職員工 (每週工作時數為30小時或以上),"$30,001-$40,000",Spotify
143,男,79,台北市,每週4次以上,Asus,Spotify,KKBOX,Apple Music,Spotify		,Street Voice 街聲		,KKBOX		,Apple Music		,Mixer Box		,My Music		,QQ音樂,不會,NONE,無,我只願意使用YouTubeMusic的免費版本(會有廣告),全職員工 (每週工作時數為30小時或以上),"$40,001-$50,000",Spotify
151,女,84,台北市,每週4次以上,iPhone,Spotify,KKBOX,Apple Music,Spotify		,Mixer Box		,KKBOX		,Apple Music		,My Music		,Street Voice 街聲		,QQ音樂,不會，但使用電腦時會使用YouTube網頁版聽音樂,NONE,無,我不願意使用YouTubeMusic,全職員工 (每週工作時數為30小時或以上),"$20,001-$30,000",Mixer Box
158,男,77,台北市,每週4次以上,iPhone,Spotify,KKBOX,Apple Music,Spotify		,KKBOX		,Apple Music		,Mixer Box		,My Music		,QQ音樂,Street Voice 街聲		,不會，但使用電腦時會使用YouTube網頁版聽音樂,NONE,有,我只願意使用YouTubeMusic的免費版本(會有廣告),全職員工 (每週工作時數為30小時或以上),"$50,001-$60,000",KKBOX
161,女,80,新北市,每週4次以上,iPhone,Spotify,KKBOX,Apple Music,Spotify		,Apple Music		,KKBOX		,Mixer Box		,My Music		,Street Voice 街聲		,QQ音樂,不會，但使用電腦時會使用YouTube網頁版聽音樂,NONE,有,我只願意使用YouTubeMusic的免費版本(會有廣告),全職員工 (每週工作時數為30小時或以上),"$40,001-$50,000",Spotify
165,女,80,嘉義市,每週4次以上,iPhone,Spotify,KKBOX,Apple Music,Spotify		,KKBOX		,Apple Music		,My Music		,QQ音樂,Mixer Box		,Street Voice 街聲		,會,每月1次或更少,無,我只願意使用YouTubeMusic的免費版本(會有廣告),全職員工 (每週工作時數為30小時或以上),"$30,001-$40,000",Spotify
176,女,86,台北市,每週4次以上,iPhone,Spotify,KKBOX,Apple Music,Spotify		,Street Voice 街聲		,KKBOX		,Apple Music		,Mixer Box		,My Music		,QQ音樂,不會，但使用電腦時會使用YouTube網頁版聽音樂,NONE,有,我不願意使用YouTubeMusic,學生 - 兼職打工/實習,"$5,001-$10,000",Spotify
180,男,83,新北市,每週4次以上,iPhone,Spotify,KKBOX,Apple Music,Spotify		,KKBOX		,Mixer Box		,Apple Music		,Street Voice 街聲		,QQ音樂,My Music		,會,每週1~2次,有,我只願意使用YouTubeMusic的免費版本(會有廣告),學生 - 兼職打工/實習,"$10,001-$20,000",Spotify
217,女,80,新北市,每週4次以上,iPhone,Spotify,KKBOX,Apple Music,Spotify		,KKBOX		,Apple Music		,Mixer Box		,Street Voice 街聲		,My Music		,QQ音樂,不會，但使用電腦時會使用YouTube網頁版聽音樂,NONE,有,我只願意使用YouTubeMusic的免費版本(會有廣告),學生 - 兼職打工/實習,"$30,001-$40,000",Spotify
221,女,87,桃園市,每週4次以上,HTC,Spotify,KKBOX,Apple Music,Spotify		,Street Voice 街聲		,Apple Music		,KKBOX		,My Music		,Mixer Box		,QQ音樂,不會，但使用電腦時會使用YouTube網頁版聽音樂,NONE,有,我只願意使用YouTubeMusic的免費版本(會有廣告),學生 - 未兼職,"$5,000以下",Spotify
224,女,78,高雄市,每週4次以上,iPhone,Spotify,KKBOX,Apple Music,Spotify		,KKBOX		,Apple Music		,My Music		,Street Voice 街聲		,Mixer Box		,QQ音樂,會,每週4次以上,有,我願意付費使用YouTubeMusic,全職員工 (每週工作時數為30小時或以上),"$60,001-$70,000",Spotify
225,女,84,嘉義市,每週4次以上,Samsung,Spotify,KKBOX,Apple Music,Apple Music		,Spotify		,KKBOX		,My Music		,Street Voice 街聲		,Mixer Box		,QQ音樂,會,每週4次以上,有,我願意付費使用YouTubeMusic,學生 - 兼職打工/實習,"$20,001-$30,000",KKBOX
230,女,85,台北市,每週4次以上,SONY,Spotify,KKBOX,Apple Music,Spotify		,KKBOX		,Apple Music		,My Music		,Mixer Box		,Street Voice 街聲		,QQ音樂,會,每週1~2次,有,我只願意使用YouTubeMusic的免費版本(會有廣告),學生 - 兼職打工/實習,"$10,001-$20,000",Spotify
242,女,87,台北市,每週4次以上,iPhone,Spotify,KKBOX,Apple Music,Spotify		,Apple Music		,KKBOX		,Mixer Box		,Street Voice 街聲		,My Music		,QQ音樂,會,每週1~2次,有,我只願意使用YouTubeMusic的免費版本(會有廣告),學生 - 兼職打工/實習,"$5,000以下",Spotify
245,女,80,桃園市,每週4次以上,HTC,Spotify,KKBOX,Apple Music,Spotify		,Apple Music		,KKBOX		,My Music		,QQ音樂,Street Voice 街聲		,Mixer Box		,會,每週1~2次,無,我只願意使用YouTubeMusic的免費版本(會有廣告),全職員工 (每週工作時數為30小時或以上),"$50,001-$60,000",Spotify
270,男,81,新北市,每週4次以上,iPhone,Spotify,KKBOX,Apple Music,Spotify		,KKBOX		,Apple Music		,QQ音樂,Mixer Box		,My Music		,Street Voice 街聲		,會,每週1~2次,有,我不願意使用YouTubeMusic,學生 - 兼職打工/實習,"$30,001-$40,000",Spotify
274,女,85,台中市,每週4次以上,Samsung,Spotify,KKBOX,Apple Music,Spotify		,KKBOX		,Apple Music		,QQ音樂,Mixer Box		,My Music		,Street Voice 街聲		,不會，但使用電腦時會使用YouTube網頁版聽音樂,NONE,有,我只願意使用YouTubeMusic的免費版本(會有廣告),待業中,"$5,000以下",Spotify
284,女,81,台北市,每週4次以上,iPhone,Spotify,KKBOX,Apple Music,Spotify		,KKBOX		,Apple Music		,Mixer Box		,My Music		,Street Voice 街聲		,QQ音樂,不會，但使用電腦時會使用YouTube網頁版聽音樂,NONE,有,我只願意使用YouTubeMusic的免費版本(會有廣告),全職員工 (每週工作時數為30小時或以上),"$50,001-$60,000",Spotify
246,女,89,新北市,每週4次以上,HTC,Spotify,KKBOX,Apple Music,Spotify		,Street Voice 街聲		,Apple Music		,KKBOX		,My Music		,Mixer Box		,QQ音樂,會,每週4次以上,有,我只願意使用YouTubeMusic的免費版本(會有廣告),學生 - 未兼職,"$5,000以下",Spotify
129,女,81,新北市,每週4次以上,iPhone,KKBOX,Spotify,Apple Music,KKBOX		,Apple Music		,Spotify		,My Music		,Street Voice 街聲		,Mixer Box		,QQ音樂,會,每週1~2次,有,我願意付費使用YouTubeMusic,全職員工 (每週工作時數為30小時或以上),"$40,001-$50,000",KKBOX
53,男,84,台北市,每週4次以上,iPhone,KKBOX,Spotify,Apple Music,KKBOX		,Spotify		,Apple Music		,Mixer Box		,Street Voice 街聲		,My Music		,QQ音樂,不會，但使用電腦時會使用YouTube網頁版聽音樂,NONE,有,我只願意使用YouTubeMusic的免費版本(會有廣告),學生 - 兼職打工/實習,"$10,001-$20,000",Apple Music
63,男,84,台北市,每週4次以上,iPhone,KKBOX,Spotify,Apple Music,KKBOX		,Spotify		,Apple Music		,My Music		,QQ音樂,Mixer Box		,Street Voice 街聲		,不會，但使用電腦時會使用YouTube網頁版聽音樂,NONE,無,我不願意使用YouTubeMusic,學生 - 兼職打工/實習,"$30,001-$40,000",KKBOX
65,男,82,台北市,每週4次以上,iPhone,KKBOX,Spotify,Apple Music,KKBOX		,Spotify		,Apple Music		,QQ音樂,Mixer Box		,My Music		,Street Voice 街聲		,不會，但使用電腦時會使用YouTube網頁版聽音樂,NONE,有,我只願意使用YouTubeMusic的免費版本(會有廣告),全職員工 (每週工作時數為30小時或以上),"$30,001-$40,000",KKBOX
88,男,82,台北市,每週4次以上,iPhone,KKBOX,Spotify,Apple Music,Spotify		,KKBOX		,Apple Music		,Mixer Box		,My Music		,Street Voice 街聲		,QQ音樂,不會，但使用電腦時會使用YouTube網頁版聽音樂,NONE,有,我願意付費使用YouTubeMusic,全職員工 (每週工作時數為30小時或以上),"$60,001-$70,000",KKBOX
99,女,87,高雄市,每週4次以上,OPPO,KKBOX,Spotify,Apple Music,KKBOX		,Spotify		,Apple Music		,My Music		,QQ音樂,Street Voice 街聲		,Mixer Box		,會,每週4次以上,有,我只願意使用YouTubeMusic的免費版本(會有廣告),學生 - 兼職打工/實習,"$5,001-$10,000",KKBOX
101,男,82,台北市,每週4次以上,iPhone,KKBOX,Spotify,Apple Music,KKBOX		,Spotify		,Apple Music		,Mixer Box		,QQ音樂,Street Voice 街聲		,My Music		,會,每週3次,無,我只願意使用YouTubeMusic的免費版本(會有廣告),全職員工 (每週工作時數為30小時或以上),"$30,001-$40,000",KKBOX
123,女,86,桃園市,每週4次以上,iPhone,KKBOX,Spotify,Apple Music,KKBOX		,Spotify		,Apple Music		,Street Voice 街聲		,Mixer Box		,My Music		,QQ音樂,會,每週4次以上,有,我只願意使用YouTubeMusic的免費版本(會有廣告),學生 - 兼職打工/實習,"$5,001-$10,000",Spotify
145,男,74,新北市,每週4次以上,Samsung,KKBOX,Spotify,Apple Music,KKBOX		,Apple Music		,Spotify		,Street Voice 街聲		,My Music		,Mixer Box		,QQ音樂,會,每週1~2次,無,我只願意使用YouTubeMusic的免費版本(會有廣告),全職員工 (每週工作時數為30小時或以上),"$60,001-$70,000",KKBOX
197,女,82,台北市,每週4次以上,iPhone,KKBOX,Spotify,Apple Music,Spotify		,KKBOX		,Apple Music		,Mixer Box		,My Music		,Street Voice 街聲		,QQ音樂,會,每週1~2次,無,我只願意使用YouTubeMusic的免費版本(會有廣告),全職員工 (每週工作時數為30小時或以上),"$20,001-$30,000",Spotify
200,男,82,台北市,每週4次以上,iPhone,KKBOX,Spotify,Apple Music,KKBOX		,Spotify		,Apple Music		,Mixer Box		,My Music		,Street Voice 街聲		,QQ音樂,不會,NONE,有,我不願意使用YouTubeMusic,學生 - 兼職打工/實習,"$20,001-$30,000",KKBOX
202,女,85,高雄市,每週4次以上,iPhone,KKBOX,Spotify,Apple Music,Apple Music		,Spotify		,KKBOX		,Street Voice 街聲		,Mixer Box		,My Music		,QQ音樂,會,每月1次或更少,無,我只願意使用YouTubeMusic的免費版本(會有廣告),學生 - 未兼職,"$5,000以下",Spotify
231,女,87,新竹縣,每週4次以上,iPhone,KKBOX,Spotify,Apple Music,KKBOX		,Spotify		,Apple Music		,Mixer Box		,My Music		,Street Voice 街聲		,QQ音樂,會,每週4次以上,無,我只願意使用YouTubeMusic的免費版本(會有廣告),學生 - 未兼職,"$5,000以下",KKBOX
299,女,86,桃園市,每週4次以上,iPhone,KKBOX,Spotify,Apple Music,KKBOX		,Spotify		,Apple Music		,QQ音樂,Mixer Box		,My Music		,Street Voice 街聲		,不會，但使用電腦時會使用YouTube網頁版聽音樂,NONE,有,我願意付費使用YouTubeMusic,學生 - 兼職打工/實習,"$5,001-$10,000",Spotify
137,男,82,新北市,每週4次以上,iPhone,KKBOX,Spotify,Apple Music,KKBOX		,Spotify		,Apple Music		,Mixer Box		,Street Voice 街聲		,My Music		,QQ音樂,會,每週3次,無,我不願意使用YouTubeMusic,學生 - 兼職打工/實習,"$20,001-$30,000",KKBOX
272,男,82,台北市,每週4次以上,iPhone,KKBOX,Spotify,Apple Music,KKBOX		,Street Voice 街聲		,Spotify		,Apple Music		,Mixer Box		,My Music		,QQ音樂,會,每週4次以上,無,我只願意使用YouTubeMusic的免費版本(會有廣告),學生 - 兼職打工/實習,"$10,001-$20,000",KKBOX
109,女,82,台北市,每週4次以上,iPhone,Spotify,Street Voice 街聲,Apple Music,Spotify		,Street Voice 街聲		,Apple Music		,KKBOX		,Mixer Box		,QQ音樂,My Music		,會,每週1~2次,無,我只願意使用YouTubeMusic的免費版本(會有廣告),學生 - 兼職打工/實習,"$5,001-$10,000",Spotify
166,男,86,高雄市,每週4次以上,iPhone,Spotify,KKBOX,Inxvioce,Spotify		,KKBOX		,Apple Music		,Street Voice 街聲		,My Music		,Mixer Box		,QQ音樂,會,每週4次以上,有,我只願意使用YouTubeMusic的免費版本(會有廣告),學生 - 兼職打工/實習,"$10,001-$20,000",Spotify
58,男,83,台北市,每週4次以上,iPhone,Spotify,KKBOX,iTunes,Spotify		,KKBOX		,Apple Music		,Street Voice 街聲		,Mixer Box		,My Music		,QQ音樂,會,每週3次,無,我只願意使用YouTubeMusic的免費版本(會有廣告),學生 - 兼職打工/實習,"$30,001-$40,000",Spotify
149,男,88,桃園市,每週4次以上,SONY,Spotify,KKBOX,iTunes,Spotify		,Apple Music		,KKBOX		,My Music		,Mixer Box		,Street Voice 街聲		,QQ音樂,不會，但使用電腦時會使用YouTube網頁版聽音樂,NONE,無,我不願意使用YouTubeMusic,學生 - 未兼職,"$5,001-$10,000",Spotify
222,女,89,台北市,每週4次以上,HTC,Spotify,KKBOX,iTunes,Spotify		,KKBOX		,Apple Music		,QQ音樂,My Music		,Street Voice 街聲		,Mixer Box		,不會，但使用電腦時會使用YouTube網頁版聽音樂,NONE,有,我不願意使用YouTubeMusic,學生 - 未兼職,"$5,000以下",Spotify
241,女,81,台北市,每週4次以上,iPhone,Spotify,KKBOX,iTunes,Spotify		,Apple Music		,KKBOX		,Mixer Box		,My Music		,QQ音樂,Street Voice 街聲		,會,每週1~2次,無,我只願意使用YouTubeMusic的免費版本(會有廣告),全職員工 (每週工作時數為30小時或以上),"$40,001-$50,000",Spotify
281,男,86,台北市,每週4次以上,HTC,Spotify,KKBOX,iTunes,KKBOX		,Street Voice 街聲		,Spotify		,Apple Music		,My Music		,QQ音樂,Mixer Box		,不會，但使用電腦時會使用YouTube網頁版聽音樂,NONE,有,我不願意使用YouTubeMusic,學生 - 兼職打工/實習,"$5,000以下",KKBOX
282,男,85,新北市,每週4次以上,iPhone,Spotify,KKBOX,iTunes,Spotify		,KKBOX		,Apple Music		,My Music		,Mixer Box		,Street Voice 街聲		,QQ音樂,不會，但使用電腦時會使用YouTube網頁版聽音樂,NONE,無,我不願意使用YouTubeMusic,學生 - 未兼職,"$5,000以下",Spotify
283,男,86,新北市,每週4次以上,SONY,Spotify,KKBOX,iTunes,Spotify		,KKBOX		,Apple Music		,Mixer Box		,QQ音樂,My Music		,Street Voice 街聲		,不會,NONE,有,我只願意使用YouTubeMusic的免費版本(會有廣告),學生 - 兼職打工/實習,"$5,001-$10,000",KKBOX
95,男,84,新北市,每週4次以上,iPhone,Spotify,KKBOX,iTunes,Spotify		,Apple Music		,KKBOX		,Mixer Box		,QQ音樂,Street Voice 街聲		,My Music		,會,每週4次以上,有,我只願意使用YouTubeMusic的免費版本(會有廣告),學生 - 未兼職,"$10,001-$20,000",Spotify
275,女,85,桃園市,每週4次以上,iPhone,Spotify,KKBOX,iTunes,Spotify		,Apple Music		,Street Voice 街聲		,KKBOX		,My Music		,QQ音樂,Mixer Box		,會,每週4次以上,無,我只願意使用YouTubeMusic的免費版本(會有廣告),學生 - 未兼職,"$5,000以下",Spotify
62,女,84,台北市,每週4次以上,SONY,KKBOX,Spotify,iTunes,KKBOX		,Spotify		,Apple Music		,Mixer Box		,My Music		,Street Voice 街聲		,QQ音樂,會,每週4次以上,無,我只願意使用YouTubeMusic的免費版本(會有廣告),全職員工 (每週工作時數為30小時或以上),"$30,001-$40,000",KKBOX
297,女,85,台北市,每週4次以上,SONY,KKBOX,Spotify,iTunes,KKBOX		,Spotify		,Apple Music		,My Music		,Mixer Box		,QQ音樂,Street Voice 街聲		,不會，但使用電腦時會使用YouTube網頁版聽音樂,NONE,無,我只願意使用YouTubeMusic的免費版本(會有廣告),學生 - 未兼職,"$5,000以下",KKBOX
108,男,80,台中市,每週4次以上,iPhone,Mixer Box,Spotify,iTunes,Spotify		,Mixer Box		,Apple Music		,My Music		,KKBOX		,QQ音樂,Street Voice 街聲		,會,每週4次以上,無,我只願意使用YouTubeMusic的免費版本(會有廣告),兼職員工 (每週工作時數介於15- 30小時),"$20,001-$30,000",Mixer Box
233,女,85,桃園市,每週4次以上,iPhone,酷我,Spotify,iTunes,Spotify		,KKBOX		,Apple Music		,QQ音樂,Mixer Box		,Street Voice 街聲		,My Music		,不會，但使用電腦時會使用YouTube網頁版聽音樂,NONE,有,我只願意使用YouTubeMusic的免費版本(會有廣告),學生 - 未兼職,"$5,000以下",Spotify
188,男,80,台北市,每週4次以上,Nokia,Spotify,Apple Music,KKBOX,Spotify		,Street Voice 街聲		,KKBOX		,Apple Music		,Mixer Box		,My Music		,QQ音樂,不會，但使用電腦時會使用YouTube網頁版聽音樂,NONE,無,我不願意使用YouTubeMusic,學生 - 兼職打工/實習,"$5,001-$10,000",Spotify
52,女,84,台北市,每週4次以上,SONY,Spotify,Apple Music,KKBOX,Spotify		,Apple Music		,KKBOX		,Street Voice 街聲		,Mixer Box		,My Music		,QQ音樂,不會,NONE,有,我不願意使用YouTubeMusic,全職員工 (每週工作時數為30小時或以上),"$30,001-$40,000",Spotify
54,女,82,台北市,每週4次以上,iPhone,Spotify,Apple Music,KKBOX,Spotify		,KKBOX		,Apple Music		,Mixer Box		,Street Voice 街聲		,QQ音樂,My Music		,不會，但使用電腦時會使用YouTube網頁版聽音樂,NONE,有,我不願意使用YouTubeMusic,全職員工 (每週工作時數為30小時或以上),"$5,001-$10,000",Spotify
56,男,83,新北市,每週4次以上,iPhone,Spotify,Apple Music,KKBOX,Spotify		,Apple Music		,Street Voice 街聲		,KKBOX		,QQ音樂,My Music		,Mixer Box		,會,每週1~2次,無,我不願意使用YouTubeMusic,學生 - 兼職打工/實習,"$10,001-$20,000",Spotify
61,女,82,台北市,每週4次以上,iPhone,Spotify,Apple Music,KKBOX,Spotify		,Apple Music		,KKBOX		,My Music		,Mixer Box		,Street Voice 街聲		,QQ音樂,會,每週1~2次,無,我只願意使用YouTubeMusic的免費版本(會有廣告),學生 - 兼職打工/實習,"$20,001-$30,000",Spotify
75,女,83,高雄市,每週4次以上,iPhone,Spotify,Apple Music,KKBOX,Spotify		,Apple Music		,KKBOX		,My Music		,Mixer Box		,Street Voice 街聲		,QQ音樂,不會，但使用電腦時會使用YouTube網頁版聽音樂,NONE,有,我願意付費使用YouTubeMusic,學生 - 兼職打工/實習,"$5,001-$10,000",Apple Music
93,女,82,高雄市,每週4次以上,iPhone,Spotify,Apple Music,KKBOX,Spotify		,Apple Music		,KKBOX		,Street Voice 街聲		,My Music		,Mixer Box		,QQ音樂,不會，但使用電腦時會使用YouTube網頁版聽音樂,NONE,無,我不願意使用YouTubeMusic,學生 - 兼職打工/實習,"$5,001-$10,000",Spotify
118,女,83,台北市,每週4次以上,iPhone,Spotify,Apple Music,KKBOX,Spotify		,Apple Music		,Street Voice 街聲		,KKBOX		,QQ音樂,Mixer Box		,My Music		,會,每週4次以上,無,我只願意使用YouTubeMusic的免費版本(會有廣告),全職員工 (每週工作時數為30小時或以上),"$30,001-$40,000",Spotify
132,女,78,新竹市,每週4次以上,iPhone,Spotify,Apple Music,KKBOX,Spotify		,Apple Music		,KKBOX		,QQ音樂,My Music		,Mixer Box		,Street Voice 街聲		,不會，但使用電腦時會使用YouTube網頁版聽音樂,NONE,有,我只願意使用YouTubeMusic的免費版本(會有廣告),全職員工 (每週工作時數為30小時或以上),"$30,001-$40,000",Apple Music
155,男,82,台北市,每週4次以上,iPhone,Spotify,Apple Music,KKBOX,Spotify		,Apple Music		,Mixer Box		,KKBOX		,Street Voice 街聲		,My Music		,QQ音樂,會,每週1~2次,無,我不願意使用YouTubeMusic,全職員工 (每週工作時數為30小時或以上),"$40,001-$50,000",Spotify
167,女,77,台北市,每週4次以上,iPhone,Spotify,Apple Music,KKBOX,Spotify		,Apple Music		,KKBOX		,My Music		,Mixer Box		,QQ音樂,Street Voice 街聲		,會,每二週1次,有,我不願意使用YouTubeMusic,全職員工 (每週工作時數為30小時或以上),"$40,001-$50,000",Spotify
172,男,84,台北市,每週4次以上,iPhone,Spotify,Apple Music,KKBOX,Apple Music		,Spotify		,KKBOX		,My Music		,Mixer Box		,Street Voice 街聲		,QQ音樂,不會，但使用電腦時會使用YouTube網頁版聽音樂,NONE,無,我不願意使用YouTubeMusic,全職員工 (每週工作時數為30小時或以上),"$30,001-$40,000",Apple Music
174,女,84,桃園市,每週4次以上,iPhone,Spotify,Apple Music,KKBOX,Spotify		,Apple Music		,Street Voice 街聲		,KKBOX		,Mixer Box		,My Music		,QQ音樂,不會，但使用電腦時會使用YouTube網頁版聽音樂,NONE,有,我不願意使用YouTubeMusic,全職員工 (每週工作時數為30小時或以上),"$20,001-$30,000",Spotify
190,女,75,高雄市,每週4次以上,iPhone,Spotify,Apple Music,KKBOX,Spotify		,Apple Music		,KKBOX		,My Music		,Street Voice 街聲		,Mixer Box		,QQ音樂,不會，但使用電腦時會使用YouTube網頁版聽音樂,NONE,有,我不願意使用YouTubeMusic,全職員工 (每週工作時數為30小時或以上),"$60,001-$70,000",Apple Music
199,男,82,台北市,每週4次以上,iPhone,Spotify,Apple Music,KKBOX,Spotify		,Apple Music		,KKBOX		,My Music		,Mixer Box		,Street Voice 街聲		,QQ音樂,不會，但使用電腦時會使用YouTube網頁版聽音樂,NONE,無,我只願意使用YouTubeMusic的免費版本(會有廣告),兼職員工 (每週工作時數介於15- 30小時),"$20,001-$30,000",Spotify
204,男,84,高雄市,每週4次以上,iPhone,Spotify,Apple Music,KKBOX,Apple Music		,Spotify		,Street Voice 街聲		,QQ音樂,KKBOX		,Mixer Box		,My Music		,不會，但使用電腦時會使用YouTube網頁版聽音樂,NONE,有,我不願意使用YouTubeMusic,待業中,"$5,000以下",Apple Music
207,男,83,台北市,每週4次以上,iPhone,Spotify,Apple Music,KKBOX,Apple Music		,KKBOX		,Spotify		,Street Voice 街聲		,Mixer Box		,My Music		,QQ音樂,會,每週4次以上,有,我願意付費使用YouTubeMusic,學生 - 兼職打工/實習,"$5,001-$10,000",Apple Music
265,女,87,新北市,每週4次以上,iPhone,Spotify,Apple Music,KKBOX,Spotify		,Apple Music		,KKBOX		,Street Voice 街聲		,QQ音樂,Mixer Box		,My Music		,不會，但使用電腦時會使用YouTube網頁版聽音樂,NONE,無,我不願意使用YouTubeMusic,學生 - 未兼職,"$10,001-$20,000",Spotify
291,男,82,新竹縣,每週4次以上,Asus,Spotify,Apple Music,KKBOX,Mixer Box		,My Music		,Spotify		,KKBOX		,Apple Music		,Street Voice 街聲		,QQ音樂,不會，但使用電腦時會使用YouTube網頁版聽音樂,NONE,有,我只願意使用YouTubeMusic的免費版本(會有廣告),全職員工 (每週工作時數為30小時或以上),"$30,001-$40,000",Mixer Box
294,女,87,桃園市,每週4次以上,iPhone,Spotify,Apple Music,KKBOX,Apple Music		,Spotify		,KKBOX		,Mixer Box		,QQ音樂,My Music		,Street Voice 街聲		,不會，但使用電腦時會使用YouTube網頁版聽音樂,NONE,無,我只願意使用YouTubeMusic的免費版本(會有廣告),學生 - 兼職打工/實習,"$5,001-$10,000",Apple Music
280,男,79,台北市,每週4次以上,iPhone,Spotify,Apple Music,KKBOX,Spotify		,Apple Music		,Mixer Box		,KKBOX		,My Music		,QQ音樂,Street Voice 街聲		,會,每週4次以上,無,我不願意使用YouTubeMusic,全職員工 (每週工作時數為30小時或以上),"$30,001-$40,000",Spotify
171,男,81,新北市,每週4次以上,HTC,Spotify,iTunes,KKBOX,Spotify		,Apple Music		,KKBOX		,Mixer Box		,My Music		,Street Voice 街聲		,QQ音樂,會,每週1~2次,有,我只願意使用YouTubeMusic的免費版本(會有廣告),全職員工 (每週工作時數為30小時或以上),"$30,001-$40,000",Spotify
223,男,82,台北市,每週4次以上,Samsung,Spotify,iTunes,KKBOX,Spotify		,Apple Music		,KKBOX		,My Music		,Street Voice 街聲		,Mixer Box		,QQ音樂,不會,NONE,有,我不願意使用YouTubeMusic,全職員工 (每週工作時數為30小時或以上),"$40,001-$50,000",Spotify
235,女,86,台北市,每週4次以上,iPhone,Spotify,iTunes,KKBOX,Spotify		,Apple Music		,Street Voice 街聲		,KKBOX		,Mixer Box		,My Music		,QQ音樂,不會，但使用電腦時會使用YouTube網頁版聽音樂,NONE,無,我只願意使用YouTubeMusic的免費版本(會有廣告),學生 - 未兼職,"$10,001-$20,000",Spotify
296,男,84,新北市,每週4次以上,iPhone,Sound Cloud,Mixer Box,KKBOX,Spotify		,KKBOX		,Street Voice 街聲		,Apple Music		,My Music		,Mixer Box		,QQ音樂,不會,NONE,有,我願意付費使用YouTubeMusic,學生 - 兼職打工/實習,"$20,001-$30,000",Spotify
124,女,82,新北市,每週4次以上,iPhone,Spotify,Mixer Box,KKBOX,Mixer Box		,Spotify		,KKBOX		,Apple Music		,My Music		,Street Voice 街聲		,QQ音樂,不會，但使用電腦時會使用YouTube網頁版聽音樂,NONE,有,我只願意使用YouTubeMusic的免費版本(會有廣告),全職員工 (每週工作時數為30小時或以上),"$40,001-$50,000",Mixer Box
127,女,83,新北市,每週4次以上,OPPO,網易雲,Mixer Box,KKBOX,QQ音樂,Mixer Box		,My Music		,Apple Music		,Street Voice 街聲		,Spotify		,KKBOX		,不會，但使用電腦時會使用YouTube網頁版聽音樂,NONE,無,我不願意使用YouTubeMusic,待業中,"$5,000以下",其他
169,女,86,台北市,每週4次以上,iPhone,Spotify,Sound Cloud,KKBOX,Spotify		,KKBOX		,QQ音樂,Apple Music		,My Music		,Street Voice 街聲		,Mixer Box		,會,每週4次以上,有,我只願意使用YouTubeMusic的免費版本(會有廣告),學生 - 兼職打工/實習,"$10,001-$20,000",Spotify
163,女,89,新北市,每週4次以上,Samsung,Spotify,Sound Cloud,KKBOX,Spotify		,Apple Music		,KKBOX		,My Music		,Mixer Box		,QQ音樂,Street Voice 街聲		,不會,NONE,有,我不願意使用YouTubeMusic,學生 - 未兼職,"$5,000以下",Spotify
81,男,86,台北市,每週4次以上,SONY,Apple Music,Spotify,KKBOX,Apple Music		,Spotify		,Street Voice 街聲		,KKBOX		,My Music		,QQ音樂,Mixer Box		,不會,NONE,有,我只願意使用YouTubeMusic的免費版本(會有廣告),學生 - 兼職打工/實習,"$30,001-$40,000",Apple Music
164,男,82,台北市,每週4次以上,iPhone,Apple Music,Spotify,KKBOX,Apple Music		,Spotify		,Mixer Box		,KKBOX		,My Music		,Street Voice 街聲		,QQ音樂,不會,NONE,有,我願意付費使用YouTubeMusic,全職員工 (每週工作時數為30小時或以上),"$5,000以下",Apple Music
179,女,88,台中市,每週4次以上,iPhone,Apple Music,Spotify,KKBOX,Apple Music		,Spotify		,KKBOX		,Mixer Box		,Street Voice 街聲		,My Music		,QQ音樂,不會，但使用電腦時會使用YouTube網頁版聽音樂,NONE,有,我只願意使用YouTubeMusic的免費版本(會有廣告),學生 - 未兼職,"$5,000以下",Apple Music
219,男,80,新北市,每週4次以上,iPhone,Apple Music,Spotify,KKBOX,Apple Music		,Spotify		,KKBOX		,My Music		,Mixer Box		,QQ音樂,Street Voice 街聲		,不會，但使用電腦時會使用YouTube網頁版聽音樂,NONE,無,我只願意使用YouTubeMusic的免費版本(會有廣告),全職員工 (每週工作時數為30小時或以上),"$30,001-$40,000",Apple Music
266,男,81,高雄市,每週4次以上,iPhone,Apple Music,Spotify,KKBOX,Spotify		,KKBOX		,Apple Music		,My Music		,Mixer Box		,Street Voice 街聲		,QQ音樂,會,每週4次以上,有,我願意付費使用YouTubeMusic,全職員工 (每週工作時數為30小時或以上),"$50,001-$60,000",Spotify
267,女,88,桃園市,每週4次以上,iPhone,Apple Music,Spotify,KKBOX,Apple Music		,Spotify		,KKBOX		,My Music		,Mixer Box		,Street Voice 街聲		,QQ音樂,不會,NONE,有,我不願意使用YouTubeMusic,學生 - 未兼職,"$5,000以下",Apple Music
293,女,83,台北市,每週4次以上,iPhone,Apple Music,Spotify,KKBOX,Apple Music		,Spotify		,Street Voice 街聲		,KKBOX		,QQ音樂,Mixer Box		,My Music		,不會，但使用電腦時會使用YouTube網頁版聽音樂,NONE,無,我只願意使用YouTubeMusic的免費版本(會有廣告),學生 - 兼職打工/實習,"$5,001-$10,000",Apple Music
162,男,81,台北市,每週4次以上,iPhone,Mixer Box,Spotify,KKBOX,Mixer Box		,Spotify		,Apple Music		,Street Voice 街聲		,KKBOX		,My Music		,QQ音樂,會,每週4次以上,有,我只願意使用YouTubeMusic的免費版本(會有廣告),全職員工 (每週工作時數為30小時或以上),"$30,001-$40,000",Mixer Box
244,女,89,台北市,每週4次以上,iPhone,MyMusic,Spotify,KKBOX,My Music		,Spotify		,KKBOX		,Apple Music		,Mixer Box		,QQ音樂,Street Voice 街聲		,會,每週4次以上,有,我只願意使用YouTubeMusic的免費版本(會有廣告),學生 - 未兼職,"$5,000以下",My Music
238,男,78,雲林縣,每週4次以上,HTC,YouTube,Spotify,KKBOX,Spotify		,KKBOX		,Apple Music		,QQ音樂,My Music		,Mixer Box		,Street Voice 街聲		,會,每週4次以上,有,我只願意使用YouTubeMusic的免費版本(會有廣告),學生 - 兼職打工/實習,"$10,001-$20,000",Spotify
110,女,88,台北市,每週4次以上,iPhone,Spotify,Street Voice 街聲,KKBOX,Spotify		,KKBOX		,My Music		,Street Voice 街聲		,Apple Music		,QQ音樂,Mixer Box		,會,每週4次以上,有,我只願意使用YouTubeMusic的免費版本(會有廣告),學生 - 兼職打工/實習,"$10,001-$20,000",Spotify
278,男,86,台北市,每週4次以上,SONY,Spotify,Street Voice 街聲,KKBOX,Spotify		,Street Voice 街聲		,KKBOX		,Apple Music		,Mixer Box		,My Music		,QQ音樂,不會，但使用電腦時會使用YouTube網頁版聽音樂,NONE,無,我不願意使用YouTubeMusic,學生 - 兼職打工/實習,"$5,000以下",Spotify
150,男,70,台中市,每週4次以上,Samsung,KKBOX,YouTube,kuro,KKBOX		,Apple Music		,Street Voice 街聲		,My Music		,Spotify		,Mixer Box		,QQ音樂,會,每週4次以上,無,我願意付費使用YouTubeMusic,全職員工 (每週工作時數為30小時或以上),"$40,001-$50,000",KKBOX
85,男,84,台北市,每週4次以上,iPhone,YouTube,Spotify,MB3,KKBOX		,Spotify		,Mixer Box		,Street Voice 街聲		,My Music		,Apple Music		,QQ音樂,會,每週4次以上,有,我只願意使用YouTubeMusic的免費版本(會有廣告),全職員工 (每週工作時數為30小時或以上),"$20,001-$30,000",Spotify
220,女,84,台北市,每週4次以上,iPhone,Spotify,iTunes,Melon,Spotify		,Apple Music		,KKBOX		,QQ音樂,Street Voice 街聲		,My Music		,Mixer Box		,會,每週4次以上,有,我不願意使用YouTubeMusic,全職員工 (每週工作時數為30小時或以上),"$40,001-$50,000",Spotify
218,女,89,雲林縣,每週4次以上,Asus,Spotify,Sound Cloud,Melon,Spotify		,Apple Music		,KKBOX		,QQ音樂,My Music		,Mixer Box		,Street Voice 街聲		,會,每週4次以上,無,我只願意使用YouTubeMusic的免費版本(會有廣告),學生 - 未兼職,"$5,000以下",Spotify
189,女,86,高雄市,每週4次以上,iPhone,KKBOX,Spotify,Melon,KKBOX		,Apple Music		,Street Voice 街聲		,Spotify		,My Music		,Mixer Box		,QQ音樂,會,每週1~2次,無,我只願意使用YouTubeMusic的免費版本(會有廣告),學生 - 兼職打工/實習,"$5,001-$10,000",KKBOX
168,男,82,新北市,每週4次以上,Asus,Spotify,KKBOX,Mixer Box,KKBOX		,Spotify		,Mixer Box		,Apple Music		,Street Voice 街聲		,My Music		,QQ音樂,會,每週4次以上,有,我不願意使用YouTubeMusic,全職員工 (每週工作時數為30小時或以上),"$30,001-$40,000",KKBOX
209,男,88,桃園市,每週4次以上,OPPO,Spotify,KKBOX,Mixer Box,Spotify		,KKBOX		,Mixer Box		,Apple Music		,Street Voice 街聲		,QQ音樂,My Music		,會,每週4次以上,無,我只願意使用YouTubeMusic的免費版本(會有廣告),學生 - 兼職打工/實習,"$10,001-$20,000",Spotify
210,男,84,新竹市,每週4次以上,iPhone,Spotify,KKBOX,Mixer Box,Spotify		,KKBOX		,Apple Music		,Street Voice 街聲		,Mixer Box		,QQ音樂,My Music		,會,每週4次以上,有,我只願意使用YouTubeMusic的免費版本(會有廣告),學生 - 兼職打工/實習,"$20,001-$30,000",Spotify
89,男,83,台北市,每週4次以上,Xiaomi(小米),iTunes,Spotify,Mixer Box,Apple Music		,Spotify		,KKBOX		,Mixer Box		,My Music		,Street Voice 街聲		,QQ音樂,會,每週4次以上,有,我只願意使用YouTubeMusic的免費版本(會有廣告),全職員工 (每週工作時數為30小時或以上),"$40,001-$50,000",Mixer Box
74,男,84,新北市,每週4次以上,SONY,KKBOX,Spotify,Mixer Box,Mixer Box		,KKBOX		,Spotify		,Apple Music		,Street Voice 街聲		,My Music		,QQ音樂,會,每週4次以上,有,我只願意使用YouTubeMusic的免費版本(會有廣告),學生 - 未兼職,"$10,001-$20,000",Mixer Box
258,女,80,台北市,每週4次以上,HTC,KKBOX,Spotify,Mixer Box,Spotify		,KKBOX		,Mixer Box		,Apple Music		,My Music		,Street Voice 街聲		,QQ音樂,不會，但使用電腦時會使用YouTube網頁版聽音樂,NONE,有,我只願意使用YouTubeMusic的免費版本(會有廣告),全職員工 (每週工作時數為30小時或以上),"$50,001-$60,000",Spotify
153,男,69,桃園市,每週4次以上,SONY,Spotify,KKBOX,MOOV,Spotify		,KKBOX		,Apple Music		,Mixer Box		,My Music		,Street Voice 街聲		,QQ音樂,會,每週4次以上,有,我只願意使用YouTubeMusic的免費版本(會有廣告),全職員工 (每週工作時數為30小時或以上),"$50,001-$60,000",Spotify
208,男,86,南投縣,每週4次以上,Samsung,Spotify,KKBOX,My Music,Spotify		,KKBOX		,Mixer Box		,Apple Music		,My Music		,QQ音樂,Street Voice 街聲		,不會，但使用電腦時會使用YouTube網頁版聽音樂,NONE,有,我不願意使用YouTubeMusic,學生 - 兼職打工/實習,"$5,000以下",Spotify
256,女,84,台北市,每週4次以上,Samsung,Spotify,KKBOX,My Music,Spotify		,KKBOX		,My Music		,Apple Music		,Mixer Box		,Street Voice 街聲		,QQ音樂,會,每週3次,有,我不願意使用YouTubeMusic,全職員工 (每週工作時數為30小時或以上),"$30,001-$40,000",Spotify
301,男,88,高雄市,每週4次以上,Samsung,Spotify,KKBOX,My Music,Spotify		,KKBOX		,My Music		,Mixer Box		,Apple Music		,Street Voice 街聲		,QQ音樂,不會，但使用電腦時會使用YouTube網頁版聽音樂,NONE,有,我不願意使用YouTubeMusic,學生 - 未兼職,"$5,000以下",Spotify
154,女,78,台北市,每週4次以上,iPhone,KKBOX,Spotify,My Music,KKBOX		,Spotify		,Apple Music		,My Music		,Mixer Box		,Street Voice 街聲		,QQ音樂,會,每週1~2次,有,我不願意使用YouTubeMusic,全職員工 (每週工作時數為30小時或以上),"$70,001-$80,000",KKBOX
305,女,89,高雄市,每週4次以上,iPhone,KKBOX,Spotify,My Music,Spotify		,Apple Music		,KKBOX		,My Music		,Street Voice 街聲		,Mixer Box		,QQ音樂,不會，但使用電腦時會使用YouTube網頁版聽音樂,NONE,有,我不願意使用YouTubeMusic,學生 - 未兼職,"$10,001-$20,000",My Music
135,男,83,台中市,每週4次以上,iPhone,KKBOX,Apple Music,NONE,KKBOX		,Apple Music		,Mixer Box		,Spotify		,Street Voice 街聲		,QQ音樂,My Music		,不會，但使用電腦時會使用YouTube網頁版聽音樂,NONE,有,我願意付費使用YouTubeMusic,學生 - 兼職打工/實習,"$10,001-$20,000",KKBOX
277,男,86,台北市,每週4次以上,Asus,KKBOX,Apple Music,NONE,KKBOX		,Spotify		,Apple Music		,Mixer Box		,My Music		,Street Voice 街聲		,QQ音樂,不會，但使用電腦時會使用YouTube網頁版聽音樂,NONE,無,我只願意使用YouTubeMusic的免費版本(會有廣告),學生 - 兼職打工/實習,"$10,001-$20,000",KKBOX
59,女,88,高雄市,每週4次以上,iPhone,Spotify,Apple Music,NONE,Spotify		,Apple Music		,KKBOX		,Mixer Box		,My Music		,Street Voice 街聲		,QQ音樂,會,每週4次以上,有,我願意付費使用YouTubeMusic,學生 - 未兼職,"$5,000以下",Spotify
186,男,86,桃園市,每週4次以上,Asus,Spotify,Apple Music,NONE,Spotify		,Street Voice 街聲		,KKBOX		,Mixer Box		,Apple Music		,My Music		,QQ音樂,不會,NONE,無,我只願意使用YouTubeMusic的免費版本(會有廣告),學生 - 兼職打工/實習,"$5,001-$10,000",Spotify
72,女,86,高雄市,每週4次以上,OPPO,Spotify,audiomack,NONE,Spotify		,Apple Music		,KKBOX		,My Music		,Street Voice 街聲		,QQ音樂,Mixer Box		,不會，但使用電腦時會使用YouTube網頁版聽音樂,NONE,有,我只願意使用YouTubeMusic的免費版本(會有廣告),學生 - 兼職打工/實習,"$5,000以下",Spotify
247,男,79,台中市,每週4次以上,iPhone,Spotify,Hound,NONE,Spotify		,KKBOX		,Apple Music		,QQ音樂,Mixer Box		,Street Voice 街聲		,My Music		,不會，但使用電腦時會使用YouTube網頁版聽音樂,NONE,無,我只願意使用YouTubeMusic的免費版本(會有廣告),全職員工 (每週工作時數為30小時或以上),"$10,001-$20,000",Spotify
121,女,84,台北市,每週4次以上,iPhone,KKBOX,iTunes,NONE,Mixer Box		,KKBOX		,Apple Music		,My Music		,Spotify		,Street Voice 街聲		,QQ音樂,會,每週4次以上,無,我只願意使用YouTubeMusic的免費版本(會有廣告),全職員工 (每週工作時數為30小時或以上),"$30,001-$40,000",Mixer Box
156,男,87,台中市,每週4次以上,HTC,KKBOX,iTunes,NONE,KKBOX		,Apple Music		,My Music		,QQ音樂,Street Voice 街聲		,Mixer Box		,Spotify		,不會，但使用電腦時會使用YouTube網頁版聽音樂,NONE,無,我只願意使用YouTubeMusic的免費版本(會有廣告),學生 - 未兼職,"$5,000以下",KKBOX
228,女,84,新北市,每週4次以上,iPhone,KKBOX,iTunes,NONE,KKBOX		,Apple Music		,My Music		,Spotify		,Street Voice 街聲		,Mixer Box		,QQ音樂,會,每週4次以上,有,我不願意使用YouTubeMusic,兼職員工 (每週工作時數介於15- 30小時),"$10,001-$20,000",Apple Music
104,男,83,新竹市,每週4次以上,Samsung,Spotify,iTunes,NONE,Spotify		,KKBOX		,Mixer Box		,Apple Music		,My Music		,Street Voice 街聲		,QQ音樂,會,每週4次以上,無,我只願意使用YouTubeMusic的免費版本(會有廣告),學生 - 未兼職,"$5,001-$10,000",Spotify
71,男,82,台北市,每週4次以上,iPhone,KKBOX,iTunes,NONE,KKBOX		,Spotify		,My Music		,Apple Music		,Mixer Box		,Street Voice 街聲		,QQ音樂,不會，但使用電腦時會使用YouTube網頁版聽音樂,NONE,無,我只願意使用YouTubeMusic的免費版本(會有廣告),學生 - 兼職打工/實習,"$20,001-$30,000",KKBOX
102,女,88,桃園市,每週4次以上,iPhone,KKBOX,iTunes,NONE,KKBOX		,Apple Music		,Spotify		,Mixer Box		,My Music		,QQ音樂,Street Voice 街聲		,不會，但使用電腦時會使用YouTube網頁版聽音樂,NONE,有,我不願意使用YouTubeMusic,學生 - 兼職打工/實習,"$5,001-$10,000",Apple Music
254,男,77,台中市,每週4次以上,iPhone,KKBOX,iTunes,NONE,KKBOX		,Apple Music		,My Music		,Mixer Box		,Spotify		,QQ音樂,Street Voice 街聲		,會,每週4次以上,無,我只願意使用YouTubeMusic的免費版本(會有廣告),全職員工 (每週工作時數為30小時或以上),"$40,001-$50,000",KKBOX
262,女,85,台北市,每週4次以上,iPhone,iTunes,KKBOX,NONE,Apple Music		,Spotify		,KKBOX		,My Music		,QQ音樂,Street Voice 街聲		,Mixer Box		,會,每週4次以上,有,我只願意使用YouTubeMusic的免費版本(會有廣告),學生 - 兼職打工/實習,"$20,001-$30,000",Apple Music
50,男,82,彰化縣,每週4次以上,HTC,Spotify,KKBOX,NONE,Spotify		,KKBOX		,Apple Music		,Mixer Box		,My Music		,QQ音樂,Street Voice 街聲		,不會，但使用電腦時會使用YouTube網頁版聽音樂,NONE,無,我不願意使用YouTubeMusic,學生 - 兼職打工/實習,"$5,000以下",Spotify
55,女,84,高雄市,每週4次以上,iPhone,Spotify,KKBOX,NONE,Spotify		,KKBOX		,Apple Music		,Street Voice 街聲		,Mixer Box		,My Music		,QQ音樂,不會，但使用電腦時會使用YouTube網頁版聽音樂,NONE,有,我只願意使用YouTubeMusic的免費版本(會有廣告),學生 - 未兼職,"$5,000以下",Spotify
70,男,83,台北市,每週4次以上,OPPO,Spotify,KKBOX,NONE,Spotify		,KKBOX		,Apple Music		,Mixer Box		,QQ音樂,My Music		,Street Voice 街聲		,不會，但使用電腦時會使用YouTube網頁版聽音樂,NONE,有,我只願意使用YouTubeMusic的免費版本(會有廣告),學生 - 兼職打工/實習,"$50,001-$60,000",Spotify
77,男,83,新北市,每週4次以上,iPhone,Spotify,KKBOX,NONE,Spotify		,KKBOX		,Apple Music		,Street Voice 街聲		,My Music		,Mixer Box		,QQ音樂,不會，但使用電腦時會使用YouTube網頁版聽音樂,NONE,無,我願意付費使用YouTubeMusic,全職員工 (每週工作時數為30小時或以上),"$30,001-$40,000",Spotify
83,男,84,新竹市,每週4次以上,iPhone,Spotify,KKBOX,NONE,Spotify		,My Music		,Apple Music		,Street Voice 街聲		,KKBOX		,Mixer Box		,QQ音樂,會,每週4次以上,無,我只願意使用YouTubeMusic的免費版本(會有廣告),學生 - 兼職打工/實習,"$5,000以下",其他
86,女,82,桃園市,每週4次以上,iPhone,Spotify,KKBOX,NONE,Spotify		,KKBOX		,Apple Music		,My Music		,QQ音樂,Mixer Box		,Street Voice 街聲		,不會，但使用電腦時會使用YouTube網頁版聽音樂,NONE,有,我不願意使用YouTubeMusic,全職員工 (每週工作時數為30小時或以上),"$30,001-$40,000",Spotify
107,女,87,高雄市,每週4次以上,iPhone,Spotify,KKBOX,NONE,Spotify		,KKBOX		,Apple Music		,Street Voice 街聲		,My Music		,Mixer Box		,QQ音樂,不會，但使用電腦時會使用YouTube網頁版聽音樂,NONE,無,我只願意使用YouTubeMusic的免費版本(會有廣告),學生 - 未兼職,"$5,000以下",KKBOX
120,女,83,台北市,每週4次以上,iPhone,Spotify,KKBOX,NONE,Spotify		,KKBOX		,Apple Music		,Street Voice 街聲		,My Music		,Mixer Box		,QQ音樂,會,每週1~2次,無,我只願意使用YouTubeMusic的免費版本(會有廣告),全職員工 (每週工作時數為30小時或以上),"$30,001-$40,000",Spotify
128,女,84,嘉義縣,每週4次以上,iPhone,Spotify,KKBOX,NONE,Spotify		,KKBOX		,Apple Music		,Mixer Box		,My Music		,Street Voice 街聲		,QQ音樂,不會，但使用電腦時會使用YouTube網頁版聽音樂,NONE,無,我只願意使用YouTubeMusic的免費版本(會有廣告),兼職員工 (每週工作時數介於15- 30小時),"$10,001-$20,000",Spotify
131,男,79,高雄市,每週4次以上,Nokia,Spotify,KKBOX,NONE,KKBOX		,Spotify		,Street Voice 街聲		,Apple Music		,My Music		,Mixer Box		,QQ音樂,會,每週4次以上,有,我願意付費使用YouTubeMusic,待業中,"$5,000以下",KKBOX
134,女,84,嘉義市,每週4次以上,iPhone,Spotify,KKBOX,NONE,Spotify		,KKBOX		,Apple Music		,Apple Music		,My Music		,Street Voice 街聲		,Mixer Box		,會,每週4次以上,無,我不願意使用YouTubeMusic,全職員工 (每週工作時數為30小時或以上),"$30,001-$40,000",Spotify
140,男,85,台北市,每週4次以上,iPhone,Spotify,KKBOX,NONE,Spotify		,KKBOX		,Mixer Box		,Apple Music		,My Music		,Street Voice 街聲		,QQ音樂,不會，但使用電腦時會使用YouTube網頁版聽音樂,NONE,有,我只願意使用YouTubeMusic的免費版本(會有廣告),學生 - 兼職打工/實習,"$5,001-$10,000",Spotify
141,男,84,台北市,每週4次以上,iPhone,Spotify,KKBOX,NONE,Spotify		,Street Voice 街聲		,KKBOX		,Apple Music		,Mixer Box		,My Music		,QQ音樂,會,每週4次以上,有,我不願意使用YouTubeMusic,學生 - 兼職打工/實習,"$10,001-$20,000",Spotify
144,男,82,新北市,每週4次以上,iPhone,Spotify,KKBOX,NONE,Spotify		,Street Voice 街聲		,KKBOX		,Apple Music		,My Music		,Mixer Box		,QQ音樂,不會，但使用電腦時會使用YouTube網頁版聽音樂,NONE,有,我只願意使用YouTubeMusic的免費版本(會有廣告),學生 - 兼職打工/實習,"$5,001-$10,000",Spotify
146,男,73,彰化縣,每週4次以上,Samsung,Spotify,KKBOX,NONE,Spotify		,KKBOX		,My Music		,Apple Music		,Mixer Box		,QQ音樂,Street Voice 街聲		,會,每週1~2次,無,我只願意使用YouTubeMusic的免費版本(會有廣告),全職員工 (每週工作時數為30小時或以上),"$30,001-$40,000",Spotify
170,男,82,台中市,每週4次以上,Xiaomi(小米),Spotify,KKBOX,NONE,Spotify		,KKBOX		,Apple Music		,QQ音樂,My Music		,Mixer Box		,Street Voice 街聲		,會,每週4次以上,無,我只願意使用YouTubeMusic的免費版本(會有廣告),全職員工 (每週工作時數為30小時或以上),"$30,001-$40,000",Spotify
184,女,84,台北市,每週4次以上,iPhone,Spotify,KKBOX,NONE,Spotify		,KKBOX		,Mixer Box		,Apple Music		,My Music		,Street Voice 街聲		,QQ音樂,不會，但使用電腦時會使用YouTube網頁版聽音樂,NONE,有,我只願意使用YouTubeMusic的免費版本(會有廣告),學生 - 兼職打工/實習,"$20,001-$30,000",Spotify
191,女,86,台中市,每週4次以上,OPPO,Spotify,KKBOX,NONE,Spotify		,Apple Music		,KKBOX		,Mixer Box		,My Music		,QQ音樂,Street Voice 街聲		,不會，但使用電腦時會使用YouTube網頁版聽音樂,NONE,無,我不願意使用YouTubeMusic,學生 - 兼職打工/實習,"$20,001-$30,000",Spotify
195,男,66,桃園市,每週4次以上,HTC,Spotify,KKBOX,NONE,Spotify		,KKBOX		,Apple Music		,QQ音樂,My Music		,Street Voice 街聲		,Mixer Box		,會,每週1~2次,有,我只願意使用YouTubeMusic的免費版本(會有廣告),全職員工 (每週工作時數為30小時或以上),"$60,001-$70,000",Spotify
198,男,84,嘉義市,每週4次以上,HTC,Spotify,KKBOX,NONE,KKBOX		,Spotify		,Apple Music		,My Music		,Street Voice 街聲		,Mixer Box		,QQ音樂,會,每週4次以上,無,我願意付費使用YouTubeMusic,全職員工 (每週工作時數為30小時或以上),"$20,001-$30,000",KKBOX
203,女,85,台南市,每週4次以上,iPhone,Spotify,KKBOX,NONE,Spotify		,KKBOX		,Mixer Box		,Street Voice 街聲		,Apple Music		,My Music		,QQ音樂,會,每週3次,有,我只願意使用YouTubeMusic的免費版本(會有廣告),學生 - 兼職打工/實習,"$5,001-$10,000",Mixer Box
206,女,79,台南市,每週4次以上,Asus,Spotify,KKBOX,NONE,Spotify		,KKBOX		,My Music		,Apple Music		,Street Voice 街聲		,QQ音樂,Mixer Box		,不會，但使用電腦時會使用YouTube網頁版聽音樂,NONE,有,我只願意使用YouTubeMusic的免費版本(會有廣告),全職員工 (每週工作時數為30小時或以上),"$40,001-$50,000",Spotify
229,女,84,新北市,每週4次以上,iPhone,Spotify,KKBOX,NONE,Spotify		,KKBOX		,Apple Music		,Mixer Box		,My Music		,QQ音樂,Street Voice 街聲		,不會,NONE,有,我只願意使用YouTubeMusic的免費版本(會有廣告),學生 - 兼職打工/實習,"$20,001-$30,000",Spotify
232,女,83,台北市,每週4次以上,Asus,Spotify,KKBOX,NONE,Spotify		,KKBOX		,Apple Music		,My Music		,Mixer Box		,Street Voice 街聲		,QQ音樂,會,每週4次以上,無,我只願意使用YouTubeMusic的免費版本(會有廣告),全職員工 (每週工作時數為30小時或以上),"$40,001-$50,000",Spotify
251,女,89,台北市,每週4次以上,OPPO,Spotify,KKBOX,NONE,Spotify		,KKBOX		,Apple Music		,My Music		,Mixer Box		,Street Voice 街聲		,QQ音樂,會,每週4次以上,無,我只願意使用YouTubeMusic的免費版本(會有廣告),學生 - 兼職打工/實習,"$5,000以下",Spotify
257,男,64,新北市,每週4次以上,iPhone,Spotify,KKBOX,NONE,Spotify		,KKBOX		,Apple Music		,Mixer Box		,Street Voice 街聲		,QQ音樂,My Music		,會,每週4次以上,無,我不願意使用YouTubeMusic,全職員工 (每週工作時數為30小時或以上),"$40,001-$50,000",My Music
263,女,82,新北市,每週4次以上,iPhone,Spotify,KKBOX,NONE,Spotify		,KKBOX		,Apple Music		,Mixer Box		,My Music		,QQ音樂,Street Voice 街聲		,會,每週4次以上,有,我只願意使用YouTubeMusic的免費版本(會有廣告),學生 - 兼職打工/實習,"$10,001-$20,000",Spotify
271,男,81,台北市,每週4次以上,iPhone,Spotify,KKBOX,NONE,Spotify		,KKBOX		,Apple Music		,Mixer Box		,Street Voice 街聲		,My Music		,QQ音樂,會,每週1~2次,有,我不願意使用YouTubeMusic,學生 - 兼職打工/實習,"$5,001-$10,000",Spotify
287,女,79,台北市,每週4次以上,其他，請填答,Spotify,KKBOX,NONE,Spotify		,KKBOX		,Street Voice 街聲		,Mixer Box		,Apple Music		,My Music		,QQ音樂,會,每週1~2次,無,我只願意使用YouTubeMusic的免費版本(會有廣告),全職員工 (每週工作時數為30小時或以上),"$40,001-$50,000",Spotify
300,女,80,新北市,每週4次以上,SONY,Spotify,KKBOX,NONE,Spotify		,Apple Music		,KKBOX		,QQ音樂,Street Voice 街聲		,Mixer Box		,My Music		,會,每週4次以上,有,我只願意使用YouTubeMusic的免費版本(會有廣告),學生 - 兼職打工/實習,"$5,000以下",Apple Music
302,男,85,桃園市,每週4次以上,iPhone,Spotify,KKBOX,NONE,Spotify		,Apple Music		,QQ音樂,KKBOX		,Mixer Box		,My Music		,Street Voice 街聲		,不會，但使用電腦時會使用YouTube網頁版聽音樂,NONE,有,我只願意使用YouTubeMusic的免費版本(會有廣告),學生 - 兼職打工/實習,"$20,001-$30,000",Spotify
73,女,85,嘉義市,每週4次以上,HTC,movie maker,Mixer Box,NONE,Apple Music		,KKBOX		,Street Voice 街聲		,Spotify		,My Music		,Mixer Box		,QQ音樂,會,每週4次以上,無,我只願意使用YouTubeMusic的免費版本(會有廣告),學生 - 未兼職,"$5,000以下",KKBOX
211,男,88,新北市,每週4次以上,Samsung,Apple Music,NONE,NONE,KKBOX		,Apple Music		,My Music		,Mixer Box		,QQ音樂,Street Voice 街聲		,Spotify		,會,每週4次以上,無,我願意付費使用YouTubeMusic,全職員工 (每週工作時數為30小時或以上),"$20,001-$30,000",KKBOX
138,男,85,台北市,每週4次以上,Samsung,iTunes,NONE,NONE,Apple Music		,KKBOX		,Spotify		,My Music		,Mixer Box		,QQ音樂,Street Voice 街聲		,會,每週4次以上,有,我不願意使用YouTubeMusic,學生 - 兼職打工/實習,"$10,001-$20,000",其他
304,女,84,台北市,每週4次以上,iPhone,iTunes,NONE,NONE,Apple Music		,Spotify		,KKBOX		,Street Voice 街聲		,Mixer Box		,QQ音樂,My Music		,不會,NONE,有,我不願意使用YouTubeMusic,學生 - 未兼職,"$5,000以下",Spotify
51,男,86,台北市,每週4次以上,Samsung,KKBOX,NONE,NONE,KKBOX		,Spotify		,Apple Music		,My Music		,QQ音樂,Street Voice 街聲		,Mixer Box		,不會，但使用電腦時會使用YouTube網頁版聽音樂,NONE,無,我只願意使用YouTubeMusic的免費版本(會有廣告),學生 - 兼職打工/實習,"$10,001-$20,000",KKBOX
67,女,86,台北市,每週4次以上,iPhone,KKBOX,NONE,NONE,KKBOX		,Apple Music		,My Music		,Street Voice 街聲		,Mixer Box		,Spotify		,QQ音樂,會,每週3次,無,我不願意使用YouTubeMusic,學生 - 兼職打工/實習,"$5,000以下",KKBOX
76,男,83,台北市,每週4次以上,iPhone,KKBOX,NONE,NONE,KKBOX		,Spotify		,Apple Music		,My Music		,QQ音樂,Mixer Box		,Street Voice 街聲		,會,每週4次以上,無,我願意付費使用YouTubeMusic,待業中,"$30,001-$40,000",KKBOX
79,女,83,新北市,每週4次以上,iPhone,KKBOX,NONE,NONE,Spotify		,Apple Music		,KKBOX		,Street Voice 街聲		,QQ音樂,Mixer Box		,My Music		,會,每月1次或更少,有,我不願意使用YouTubeMusic,學生 - 兼職打工/實習,"$20,001-$30,000",KKBOX
90,男,88,台南市,每週4次以上,HTC,KKBOX,NONE,NONE,KKBOX		,Spotify		,Apple Music		,My Music		,Street Voice 街聲		,Mixer Box		,QQ音樂,會,每週4次以上,無,我只願意使用YouTubeMusic的免費版本(會有廣告),學生 - 未兼職,"$5,000以下",KKBOX
112,女,75,高雄市,每週4次以上,Samsung,KKBOX,NONE,NONE,KKBOX		,Apple Music		,QQ音樂,My Music		,Street Voice 街聲		,Spotify		,Mixer Box		,會,每週1~2次,無,我願意付費使用YouTubeMusic,全職員工 (每週工作時數為30小時或以上),"$30,001-$40,000",KKBOX
125,男,86,台北市,每週4次以上,iPhone,KKBOX,NONE,NONE,KKBOX		,Street Voice 街聲		,Spotify		,My Music		,Apple Music		,QQ音樂,Mixer Box		,會,每週4次以上,有,我不願意使用YouTubeMusic,學生 - 未兼職,"$5,000以下",Apple Music
157,女,65,桃園市,每週4次以上,SONY,KKBOX,NONE,NONE,KKBOX		,Spotify		,Apple Music		,Street Voice 街聲		,Mixer Box		,QQ音樂,My Music		,不會，但使用電腦時會使用YouTube網頁版聽音樂,NONE,無,我只願意使用YouTubeMusic的免費版本(會有廣告),全職員工 (每週工作時數為30小時或以上),"$30,001-$40,000",KKBOX
175,男,88,高雄市,每週4次以上,HTC,KKBOX,NONE,NONE,KKBOX		,Spotify		,Apple Music		,My Music		,Street Voice 街聲		,Mixer Box		,QQ音樂,會,每週4次以上,無,我只願意使用YouTubeMusic的免費版本(會有廣告),學生 - 兼職打工/實習,"$5,000以下",KKBOX
201,女,84,桃園市,每週4次以上,HTC,KKBOX,NONE,NONE,KKBOX		,Spotify		,Apple Music		,My Music		,Mixer Box		,Street Voice 街聲		,QQ音樂,會,每週1~2次,無,我只願意使用YouTubeMusic的免費版本(會有廣告),學生 - 未兼職,"$5,000以下",KKBOX
205,男,82,新北市,每週4次以上,Asus,KKBOX,NONE,NONE,KKBOX		,Apple Music		,Spotify		,Mixer Box		,My Music		,Street Voice 街聲		,QQ音樂,會,每週1~2次,無,我只願意使用YouTubeMusic的免費版本(會有廣告),全職員工 (每週工作時數為30小時或以上),"$30,001-$40,000",KKBOX
236,女,61,台南市,每週4次以上,HTC,KKBOX,NONE,NONE,KKBOX		,My Music		,QQ音樂,Mixer Box		,Spotify		,Apple Music		,Street Voice 街聲		,會,每週4次以上,有,我只願意使用YouTubeMusic的免費版本(會有廣告),全職員工 (每週工作時數為30小時或以上),"$50,001-$60,000",My Music
248,男,82,台北市,每週4次以上,iPhone,KKBOX,NONE,NONE,KKBOX		,Street Voice 街聲		,Mixer Box		,Spotify		,QQ音樂,My Music		,Apple Music		,不會,NONE,無,我願意付費使用YouTubeMusic,兼職員工 (每週工作時數介於15- 30小時),"$10,001-$20,000",KKBOX
249,女,83,台中市,每週4次以上,iPhone,KKBOX,NONE,NONE,KKBOX		,My Music		,Mixer Box		,Apple Music		,Spotify		,QQ音樂,Street Voice 街聲		,不會，但使用電腦時會使用YouTube網頁版聽音樂,NONE,有,我只願意使用YouTubeMusic的免費版本(會有廣告),全職員工 (每週工作時數為30小時或以上),"$20,001-$30,000",KKBOX
250,女,83,新北市,每週4次以上,HTC,KKBOX,NONE,NONE,KKBOX		,Spotify		,My Music		,Apple Music		,Mixer Box		,QQ音樂,Street Voice 街聲		,會,每週1~2次,有,我只願意使用YouTubeMusic的免費版本(會有廣告),待業中,"$5,001-$10,000",KKBOX
252,女,83,台中市,每週4次以上,iPhone,KKBOX,NONE,NONE,KKBOX		,Mixer Box		,Apple Music		,Spotify		,My Music		,Street Voice 街聲		,QQ音樂,會,每月1次或更少,有,我只願意使用YouTubeMusic的免費版本(會有廣告),待業中,"$5,000以下",KKBOX
261,女,81,新北市,每週4次以上,iPhone,KKBOX,NONE,NONE,KKBOX		,Spotify		,Apple Music		,QQ音樂,My Music		,Mixer Box		,Street Voice 街聲		,會,每週1~2次,無,我只願意使用YouTubeMusic的免費版本(會有廣告),全職員工 (每週工作時數為30小時或以上),"$30,001-$40,000",KKBOX
264,男,72,台中市,每週4次以上,iPhone,KKBOX,NONE,NONE,Apple Music		,KKBOX		,Spotify		,Street Voice 街聲		,Mixer Box		,QQ音樂,My Music		,會,每週1~2次,無,我願意付費使用YouTubeMusic,全職員工 (每週工作時數為30小時或以上),"$60,001-$70,000",Apple Music
307,女,75,高雄市,每週4次以上,Samsung,KKBOX,NONE,NONE,KKBOX		,Apple Music		,My Music		,QQ音樂,Street Voice 街聲		,Mixer Box		,Spotify		,會,每週4次以上,無,我不願意使用YouTubeMusic,全職員工 (每週工作時數為30小時或以上),"$30,001-$40,000",KKBOX
309,女,88,高雄市,每週4次以上,Samsung,KKBOX,NONE,NONE,KKBOX		,QQ音樂,My Music		,Apple Music		,Spotify		,Mixer Box		,Street Voice 街聲		,會,每週4次以上,有,我只願意使用YouTubeMusic的免費版本(會有廣告),學生 - 未兼職,"$5,001-$10,000",KKBOX
183,女,79,台北市,每週4次以上,HTC,Mixer Box,NONE,NONE,Apple Music		,KKBOX		,Mixer Box		,My Music		,Spotify		,Street Voice 街聲		,QQ音樂,會,每二週1次,無,我不願意使用YouTubeMusic,全職員工 (每週工作時數為30小時或以上),"$40,001-$50,000",Mixer Box
152,女,85,新竹縣,每週4次以上,iPhone,NONE,NONE,NONE,KKBOX		,Spotify		,QQ音樂,Apple Music		,Street Voice 街聲		,My Music		,Mixer Box		,會,每週4次以上,無,我只願意使用YouTubeMusic的免費版本(會有廣告),學生 - 未兼職,"$5,001-$10,000",KKBOX
177,女,66,新北市,每週4次以上,SONY,NONE,NONE,NONE,Apple Music		,Street Voice 街聲		,Mixer Box		,Spotify		,My Music		,KKBOX		,QQ音樂,不會，但使用電腦時會使用YouTube網頁版聽音樂,NONE,有,我只願意使用YouTubeMusic的免費版本(會有廣告),全職員工 (每週工作時數為30小時或以上),"$30,001-$40,000",Street Voice 街聲
92,女,85,桃園市,每週4次以上,SONY,Spotify,NONE,NONE,Spotify		,KKBOX		,Apple Music		,My Music		,Street Voice 街聲		,Mixer Box		,QQ音樂,會,每週4次以上,無,我不願意使用YouTubeMusic,學生 - 未兼職,"$5,000以下",KKBOX
147,男,86,台南市,每週4次以上,iPhone,Spotify,NONE,NONE,Spotify		,My Music		,Street Voice 街聲		,KKBOX		,Apple Music		,Mixer Box		,QQ音樂,會,每週4次以上,無,我只願意使用YouTubeMusic的免費版本(會有廣告),學生 - 未兼職,"$5,000以下",Spotify
178,女,84,高雄市,每週4次以上,iPhone,Spotify,NONE,NONE,Spotify		,Apple Music		,KKBOX		,My Music		,Street Voice 街聲		,QQ音樂,Mixer Box		,不會,NONE,無,我只願意使用YouTubeMusic的免費版本(會有廣告),學生 - 兼職打工/實習,"$30,001-$40,000",Spotify
214,女,82,台北市,每週4次以上,iPhone,Spotify,NONE,NONE,Spotify		,Apple Music		,KKBOX		,My Music		,Street Voice 街聲		,Mixer Box		,QQ音樂,不會,NONE,無,我只願意使用YouTubeMusic的免費版本(會有廣告),全職員工 (每週工作時數為30小時或以上),"$120,001-$130,000",Spotify
240,男,82,台北市,每週4次以上,iPhone,Spotify,NONE,NONE,Spotify		,Apple Music		,KKBOX		,Mixer Box		,My Music		,Street Voice 街聲		,QQ音樂,不會，但使用電腦時會使用YouTube網頁版聽音樂,NONE,無,我不願意使用YouTubeMusic,全職員工 (每週工作時數為30小時或以上),"$40,001-$50,000",Spotify
292,男,80,台北市,每週4次以上,SONY,Spotify,NONE,NONE,Spotify		,Apple Music		,KKBOX		,My Music		,Mixer Box		,Street Voice 街聲		,QQ音樂,會,每週4次以上,無,我只願意使用YouTubeMusic的免費版本(會有廣告),全職員工 (每週工作時數為30小時或以上),"$40,001-$50,000",Spotify
193,女,88,桃園市,每週4次以上,OPPO,YouTube,NONE,NONE,KKBOX		,Spotify		,My Music		,Apple Music		,Street Voice 街聲		,Mixer Box		,QQ音樂,會,每週4次以上,無,我只願意使用YouTubeMusic的免費版本(會有廣告),學生 - 兼職打工/實習,"$5,000以下",KKBOX
215,女,85,高雄市,每週4次以上,iPhone,YouTube,NONE,NONE,Street Voice 街聲		,Mixer Box		,My Music		,KKBOX		,Spotify		,Apple Music		,QQ音樂,會,每週4次以上,無,我只願意使用YouTubeMusic的免費版本(會有廣告),學生 - 未兼職,"$5,001-$10,000",Spotify
237,女,83,新北市,每週4次以上,iPhone,音樂電台,NONE,NONE,KKBOX		,Spotify		,Apple Music		,My Music		,Mixer Box		,Street Voice 街聲		,QQ音樂,會,每週4次以上,有,我不願意使用YouTubeMusic,待業中,"$5,000以下",Mixer Box
80,女,85,高雄市,每週4次以上,iPhone,Apple Music,Spotify,NONE,Apple Music		,Mixer Box		,Spotify		,KKBOX		,Street Voice 街聲		,My Music		,QQ音樂,不會，但使用電腦時會使用YouTube網頁版聽音樂,NONE,有,我不願意使用YouTubeMusic,學生 - 未兼職,"$10,001-$20,000",Apple Music
253,女,84,台中市,每週4次以上,iPhone,KKBOX,Spotify,NONE,KKBOX		,Spotify		,Apple Music		,Mixer Box		,My Music		,QQ音樂,Street Voice 街聲		,會,每週1~2次,有,我只願意使用YouTubeMusic的免費版本(會有廣告),全職員工 (每週工作時數為30小時或以上),"$30,001-$40,000",KKBOX
111,女,86,高雄市,每週4次以上,iPhone,KKBOX,Spotify,NONE,KKBOX		,Spotify		,Apple Music		,My Music		,Mixer Box		,QQ音樂,Street Voice 街聲		,不會，但使用電腦時會使用YouTube網頁版聽音樂,NONE,無,我不願意使用YouTubeMusic,學生 - 兼職打工/實習,"$10,001-$20,000",KKBOX
60,女,84,台北市,每週4次以上,iPhone,KKBOX,Spotify,NONE,KKBOX		,Spotify		,Apple Music		,Mixer Box		,Street Voice 街聲		,My Music		,QQ音樂,不會，但使用電腦時會使用YouTube網頁版聽音樂,NONE,無,我只願意使用YouTubeMusic的免費版本(會有廣告),學生 - 兼職打工/實習,"$20,001-$30,000",KKBOX
84,女,84,台北市,每週4次以上,iPhone,KKBOX,Spotify,NONE,KKBOX		,Apple Music		,Spotify		,Mixer Box		,My Music		,QQ音樂,Street Voice 街聲		,會,每週3次,無,我不願意使用YouTubeMusic,學生 - 兼職打工/實習,"$20,001-$30,000",KKBOX
91,女,82,新北市,每週4次以上,iPhone,KKBOX,Spotify,NONE,KKBOX		,Apple Music		,Spotify		,My Music		,Mixer Box		,QQ音樂,Street Voice 街聲		,不會，但使用電腦時會使用YouTube網頁版聽音樂,NONE,有,我不願意使用YouTubeMusic,學生 - 兼職打工/實習,"$20,001-$30,000",KKBOX
98,男,86,新北市,每週4次以上,iPhone,KKBOX,Spotify,NONE,KKBOX		,Spotify		,Mixer Box		,Apple Music		,My Music		,Street Voice 街聲		,QQ音樂,不會，但使用電腦時會使用YouTube網頁版聽音樂,NONE,有,我只願意使用YouTubeMusic的免費版本(會有廣告),學生 - 兼職打工/實習,"$5,000以下",Mixer Box
100,男,80,台中市,每週4次以上,iPhone,KKBOX,Spotify,NONE,KKBOX		,My Music		,Apple Music		,Street Voice 街聲		,Mixer Box		,QQ音樂,Spotify		,會,每週4次以上,有,我不願意使用YouTubeMusic,全職員工 (每週工作時數為30小時或以上),"$80,001-$90,000",KKBOX
106,女,85,台北市,每週4次以上,iPhone,KKBOX,Spotify,NONE,KKBOX		,Spotify		,Mixer Box		,Apple Music		,My Music		,QQ音樂,Street Voice 街聲		,會,每週4次以上,有,我只願意使用YouTubeMusic的免費版本(會有廣告),學生 - 兼職打工/實習,"$5,001-$10,000",KKBOX
113,男,83,新北市,每週4次以上,SONY,KKBOX,Spotify,NONE,Spotify		,KKBOX		,Mixer Box		,Street Voice 街聲		,Apple Music		,QQ音樂,My Music		,不會，但使用電腦時會使用YouTube網頁版聽音樂,NONE,有,我願意付費使用YouTubeMusic,全職員工 (每週工作時數為30小時或以上),"$30,001-$40,000",KKBOX
114,女,85,台北市,每週4次以上,iPhone,KKBOX,Spotify,NONE,KKBOX		,Spotify		,Apple Music		,Mixer Box		,My Music		,Street Voice 街聲		,QQ音樂,會,每週4次以上,無,我只願意使用YouTubeMusic的免費版本(會有廣告),全職員工 (每週工作時數為30小時或以上),"$50,001-$60,000",KKBOX
116,男,90,新北市,每週4次以上,Asus,KKBOX,Spotify,NONE,KKBOX		,Spotify		,Apple Music		,My Music		,Mixer Box		,QQ音樂,Street Voice 街聲		,會,每週4次以上,有,我只願意使用YouTubeMusic的免費版本(會有廣告),學生 - 未兼職,"$5,000以下",KKBOX
122,男,85,台南市,每週4次以上,iPhone,KKBOX,Spotify,NONE,KKBOX		,Spotify		,Apple Music		,QQ音樂,Street Voice 街聲		,My Music		,Mixer Box		,會,每週4次以上,有,我只願意使用YouTubeMusic的免費版本(會有廣告),全職員工 (每週工作時數為30小時或以上),"$20,001-$30,000",KKBOX
133,女,86,新北市,每週4次以上,iPhone,KKBOX,Spotify,NONE,KKBOX		,Spotify		,Street Voice 街聲		,Mixer Box		,Apple Music		,My Music		,QQ音樂,會,每週4次以上,無,我只願意使用YouTubeMusic的免費版本(會有廣告),學生 - 兼職打工/實習,"$5,000以下",KKBOX
142,女,86,高雄市,每週4次以上,iPhone,KKBOX,Spotify,NONE,Spotify		,KKBOX		,Apple Music		,Mixer Box		,My Music		,Street Voice 街聲		,QQ音樂,會,每週4次以上,無,我願意付費使用YouTubeMusic,學生 - 兼職打工/實習,"$5,001-$10,000",KKBOX
159,女,84,台中市,每週4次以上,Samsung,KKBOX,Spotify,NONE,KKBOX		,Spotify		,My Music		,Apple Music		,Street Voice 街聲		,QQ音樂,Mixer Box		,會,每週4次以上,無,我只願意使用YouTubeMusic的免費版本(會有廣告),待業中,"$5,000以下",KKBOX
185,男,80,台北市,每週4次以上,iPhone,KKBOX,Spotify,NONE,KKBOX		,Spotify		,Apple Music		,Street Voice 街聲		,Mixer Box		,QQ音樂,My Music		,不會,NONE,無,我不願意使用YouTubeMusic,學生 - 未兼職,"$5,000以下",KKBOX
187,男,83,台北市,每週4次以上,iPhone,KKBOX,Spotify,NONE,KKBOX		,Spotify		,Apple Music		,Mixer Box		,Street Voice 街聲		,My Music		,QQ音樂,不會，但使用電腦時會使用YouTube網頁版聽音樂,NONE,有,我不願意使用YouTubeMusic,學生 - 兼職打工/實習,"$20,001-$30,000",KKBOX
196,男,83,台北市,每週4次以上,iPhone,KKBOX,Spotify,NONE,KKBOX		,Spotify		,Apple Music		,Mixer Box		,My Music		,Street Voice 街聲		,QQ音樂,會,每週3次,有,我不願意使用YouTubeMusic,學生 - 兼職打工/實習,"$10,001-$20,000",KKBOX
216,男,89,新北市,每週4次以上,iPhone,KKBOX,Spotify,NONE,KKBOX		,Spotify		,Apple Music		,Mixer Box		,My Music		,QQ音樂,Street Voice 街聲		,會,每週1~2次,無,我不願意使用YouTubeMusic,學生 - 未兼職,"$5,000以下",KKBOX
255,女,86,新北市,每週4次以上,iPhone,KKBOX,Spotify,NONE,KKBOX		,Spotify		,Street Voice 街聲		,Apple Music		,My Music		,Mixer Box		,QQ音樂,會,每週4次以上,無,我願意付費使用YouTubeMusic,學生 - 兼職打工/實習,"$10,001-$20,000",KKBOX
259,女,82,高雄市,每週4次以上,iPhone,KKBOX,Spotify,NONE,KKBOX		,Spotify		,Mixer Box		,Apple Music		,My Music		,Street Voice 街聲		,QQ音樂,會,每週1~2次,無,我只願意使用YouTubeMusic的免費版本(會有廣告),學生 - 未兼職,"$10,001-$20,000",KKBOX
260,女,85,新竹縣,每週4次以上,iPhone,KKBOX,Spotify,NONE,KKBOX		,Spotify		,Apple Music		,QQ音樂,My Music		,Street Voice 街聲		,Mixer Box		,不會，但使用電腦時會使用YouTube網頁版聽音樂,NONE,無,我不願意使用YouTubeMusic,待業中,"$5,000以下",KKBOX
276,女,85,南投縣,每週4次以上,iPhone,KKBOX,Spotify,NONE,KKBOX		,Spotify		,Apple Music		,My Music		,Street Voice 街聲		,QQ音樂,Mixer Box		,會,每週4次以上,有,我只願意使用YouTubeMusic的免費版本(會有廣告),學生 - 未兼職,"$10,001-$20,000",KKBOX
279,女,86,台北市,每週4次以上,HTC,KKBOX,Spotify,NONE,KKBOX		,Spotify		,Street Voice 街聲		,Apple Music		,My Music		,Mixer Box		,QQ音樂,會,每週4次以上,無,我只願意使用YouTubeMusic的免費版本(會有廣告),學生 - 未兼職,"$5,001-$10,000",Street Voice 街聲
285,男,79,台北市,每週4次以上,Samsung,KKBOX,Spotify,NONE,Spotify		,KKBOX		,Mixer Box		,Apple Music		,My Music		,Street Voice 街聲		,QQ音樂,會,每週4次以上,無,我只願意使用YouTubeMusic的免費版本(會有廣告),學生 - 未兼職,"$5,000以下",Spotify
290,女,87,台北市,每週4次以上,OPPO,KKBOX,Spotify,NONE,Spotify		,KKBOX		,Street Voice 街聲		,Apple Music		,My Music		,Mixer Box		,QQ音樂,會,每週4次以上,有,我只願意使用YouTubeMusic的免費版本(會有廣告),學生 - 兼職打工/實習,"$5,000以下",KKBOX
303,女,86,台北市,每週4次以上,iPhone,KKBOX,Spotify,NONE,KKBOX		,Spotify		,Apple Music		,My Music		,Street Voice 街聲		,Mixer Box		,QQ音樂,不會，但使用電腦時會使用YouTube網頁版聽音樂,NONE,有,我只願意使用YouTubeMusic的免費版本(會有廣告),學生 - 兼職打工/實習,"$5,001-$10,000",KKBOX
192,女,85,台北市,每週4次以上,iPhone,Sound Cloud,Street Voice 街聲,NONE,Street Voice 街聲		,KKBOX		,Apple Music		,Spotify		,My Music		,Mixer Box		,QQ音樂,會,每週4次以上,有,我只願意使用YouTubeMusic的免費版本(會有廣告),學生 - 兼職打工/實習,"$5,000以下",Street Voice 街聲
130,女,86,高雄市,每週4次以上,iPhone,Spotify,Street Voice 街聲,NONE,Street Voice 街聲		,Spotify		,KKBOX		,QQ音樂,Mixer Box		,Apple Music		,My Music		,會,每週4次以上,有,我只願意使用YouTubeMusic的免費版本(會有廣告),學生 - 兼職打工/實習,"$5,000以下",Spotify
288,女,80,台北市,每週4次以上,HTC,Spotify,YouTube,NONE,Spotify		,KKBOX		,Apple Music		,Street Voice 街聲		,My Music		,Mixer Box		,QQ音樂,會,每週1~2次,有,我不願意使用YouTubeMusic,學生 - 兼職打工/實習,"$20,001-$30,000",Spotify
269,女,86,高雄市,每週4次以上,HTC,KKBOX,抖音,NONE,KKBOX		,Apple Music		,My Music		,Mixer Box		,Street Voice 街聲		,Spotify		,QQ音樂,會,每週4次以上,無,我只願意使用YouTubeMusic的免費版本(會有廣告),學生 - 兼職打工/實習,"$5,000以下",KKBOX
160,女,68,台北市,每週4次以上,iPhone,KKBOX,音樂影片MP3,NONE,KKBOX		,Mixer Box		,Apple Music		,My Music		,Spotify		,Street Voice 街聲		,QQ音樂,會,每週4次以上,有,我願意付費使用YouTubeMusic,全職員工 (每週工作時數為30小時或以上),"$30,001-$40,000",KKBOX
243,女,80,台北市,每週4次以上,iPhone,Spotify,KKBOX,PANDORA,Spotify		,Street Voice 街聲		,KKBOX		,Apple Music		,My Music		,Mixer Box		,QQ音樂,不會，但使用電腦時會使用YouTube網頁版聽音樂,NONE,無,我只願意使用YouTubeMusic的免費版本(會有廣告),全職員工 (每週工作時數為30小時或以上),"$30,001-$40,000",Spotify
213,女,88,高雄市,每週4次以上,iPhone,KKBOX,Apple Music,Sound Cloud,Spotify		,KKBOX		,Apple Music		,Mixer Box		,My Music		,Street Voice 街聲		,QQ音樂,會,每週4次以上,無,我只願意使用YouTubeMusic的免費版本(會有廣告),學生 - 未兼職,"$5,001-$10,000",Mixer Box
117,女,88,南投縣,每週4次以上,iPhone,Spotify,KKBOX,Sound Cloud,Spotify		,Apple Music		,KKBOX		,QQ音樂,My Music		,Mixer Box		,Street Voice 街聲		,會,每週4次以上,無,我只願意使用YouTubeMusic的免費版本(會有廣告),學生 - 未兼職,"$5,000以下",Spotify
96,女,83,高雄市,每週4次以上,iPhone,Apple Music,Spotify,Sound Cloud,Apple Music		,Spotify		,Street Voice 街聲		,KKBOX		,My Music		,Mixer Box		,QQ音樂,不會，但使用電腦時會使用YouTube網頁版聽音樂,NONE,無,我不願意使用YouTubeMusic,學生 - 未兼職,"$10,001-$20,000",Apple Music
298,女,88,桃園市,每週4次以上,Samsung,KKBOX,Spotify,Sound Cloud,KKBOX		,Spotify		,Mixer Box		,Apple Music		,QQ音樂,Street Voice 街聲		,My Music		,不會，但使用電腦時會使用YouTube網頁版聽音樂,NONE,有,我只願意使用YouTubeMusic的免費版本(會有廣告),學生 - 未兼職,"$5,000以下",KKBOX
268,女,84,台北市,每週4次以上,iPhone,KKBOX,Spotify,Sound Cloud,Spotify		,KKBOX		,Mixer Box		,Apple Music		,My Music		,QQ音樂,Street Voice 街聲		,會,每週1~2次,有,我只願意使用YouTubeMusic的免費版本(會有廣告),全職員工 (每週工作時數為30小時或以上),"$30,001-$40,000",KKBOX
173,女,76,台北市,每週4次以上,iPhone,Spotify,iTunes,Soundtrack,Spotify		,Apple Music		,Mixer Box		,KKBOX		,QQ音樂,Street Voice 街聲		,My Music		,會,每週4次以上,有,我願意付費使用YouTubeMusic,全職員工 (每週工作時數為30小時或以上),"$40,001-$50,000",Spotify
68,女,86,新北市,每週4次以上,iPhone,KKBOX,Apple Music,Spotify,KKBOX		,Apple Music		,Mixer Box		,Spotify		,My Music		,Street Voice 街聲		,QQ音樂,會,每週4次以上,有,我只願意使用YouTubeMusic的免費版本(會有廣告),學生 - 兼職打工/實習,"$5,001-$10,000",Apple Music
97,女,83,新北市,每週4次以上,iPhone,KKBOX,Apple Music,Spotify,Apple Music		,KKBOX		,Street Voice 街聲		,Mixer Box		,Spotify		,QQ音樂,My Music		,不會，但使用電腦時會使用YouTube網頁版聽音樂,NONE,有,我只願意使用YouTubeMusic的免費版本(會有廣告),學生 - 未兼職,"$20,001-$30,000",Apple Music
212,女,75,台北市,每週4次以上,iPhone,KKBOX,Apple Music,Spotify,KKBOX		,Apple Music		,Spotify		,Mixer Box		,My Music		,QQ音樂,Street Voice 街聲		,會,每週1~2次,無,我願意付費使用YouTubeMusic,全職員工 (每週工作時數為30小時或以上),"$40,001-$50,000",KKBOX
119,女,77,高雄市,每週4次以上,iPhone,KKBOX,iTunes,Spotify,KKBOX		,Apple Music		,Spotify		,My Music		,Street Voice 街聲		,Mixer Box		,QQ音樂,會,每週1~2次,無,我不願意使用YouTubeMusic,全職員工 (每週工作時數為30小時或以上),"$50,001-$60,000",KKBOX
289,男,88,新北市,每週4次以上,iPhone,Apple Music,KKBOX,Spotify,Apple Music		,KKBOX		,Spotify		,My Music		,Street Voice 街聲		,Mixer Box		,QQ音樂,會,每週1~2次,無,我只願意使用YouTubeMusic的免費版本(會有廣告),學生 - 兼職打工/實習,"$10,001-$20,000",Apple Music
69,女,87,高雄市,每週4次以上,iPhone,Apple Music,KKBOX,Spotify,Street Voice 街聲		,Apple Music		,KKBOX		,Spotify		,My Music		,Mixer Box		,QQ音樂,不會，但使用電腦時會使用YouTube網頁版聽音樂,NONE,有,我不願意使用YouTubeMusic,學生 - 兼職打工/實習,"$5,000以下",Apple Music
136,女,86,台北市,每週4次以上,iPhone,Apple Music,KKBOX,Spotify,Street Voice 街聲		,Apple Music		,KKBOX		,Spotify		,Mixer Box		,My Music		,QQ音樂,會,每週1~2次,有,我只願意使用YouTubeMusic的免費版本(會有廣告),學生 - 兼職打工/實習,"$5,000以下",Street Voice 街聲
181,女,83,苗栗縣,每週4次以上,iPhone,Apple Music,KKBOX,Spotify,Apple Music		,Spotify		,KKBOX		,My Music		,Street Voice 街聲		,QQ音樂,Mixer Box		,不會，但使用電腦時會使用YouTube網頁版聽音樂,NONE,有,我只願意使用YouTubeMusic的免費版本(會有廣告),學生 - 未兼職,"$5,000以下",Apple Music
194,男,82,台北市,每週4次以上,iPhone,Apple Music,KKBOX,Spotify,Street Voice 街聲		,QQ音樂,Mixer Box		,My Music		,Apple Music		,Spotify		,KKBOX		,會,每週4次以上,有,我願意付費使用YouTubeMusic,全職員工 (每週工作時數為30小時或以上),"$20,001-$30,000",Apple Music
273,女,85,新北市,每週4次以上,iPhone,Apple Music,KKBOX,Spotify,Apple Music		,Spotify		,KKBOX		,Mixer Box		,My Music		,QQ音樂,Street Voice 街聲		,不會,NONE,有,我不願意使用YouTubeMusic,學生 - 兼職打工/實習,"$10,001-$20,000",Apple Music
295,男,88,桃園市,每週4次以上,iPhone,Apple Music,KKBOX,Spotify,Apple Music		,KKBOX		,Spotify		,Mixer Box		,My Music		,Street Voice 街聲		,QQ音樂,不會，但使用電腦時會使用YouTube網頁版聽音樂,NONE,有,我不願意使用YouTubeMusic,學生 - 兼職打工/實習,"$10,001-$20,000",Apple Music
308,女,85,新北市,每週4次以上,iPhone,iTunes,KKBOX,Spotify,Apple Music		,Street Voice 街聲		,KKBOX		,Spotify		,My Music		,QQ音樂,Mixer Box		,不會，但使用電腦時會使用YouTube網頁版聽音樂,NONE,有,我只願意使用YouTubeMusic的免費版本(會有廣告),學生 - 兼職打工/實習,"$5,001-$10,000",Street Voice 街聲
226,男,78,新竹市,每週4次以上,iPhone,YouTube,KKBOX,Spotify,KKBOX		,Spotify		,Apple Music		,My Music		,Mixer Box		,Street Voice 街聲		,QQ音樂,會,每週3次,無,我只願意使用YouTubeMusic的免費版本(會有廣告),全職員工 (每週工作時數為30小時或以上),"$30,001-$40,000",KKBOX
148,女,87,新北市,每週4次以上,iPhone,Apple Music,Melon,Spotify,Apple Music		,Spotify		,KKBOX		,My Music		,Mixer Box		,Street Voice 街聲		,QQ音樂,不會,NONE,有,我只願意使用YouTubeMusic的免費版本(會有廣告),學生 - 未兼職,"$5,000以下",Apple Music
87,女,84,台北市,每週4次以上,iPhone,KKBOX,Melon,Spotify,KKBOX		,Apple Music		,Street Voice 街聲		,Spotify		,QQ音樂,My Music		,Mixer Box		,會,每週4次以上,有,我只願意使用YouTubeMusic的免費版本(會有廣告),全職員工 (每週工作時數為30小時或以上),"$20,001-$30,000",KKBOX
78,女,84,台北市,每週4次以上,iPhone,Spotify,KKBOX,Street Voice 街聲,Street Voice 街聲		,KKBOX		,Spotify		,My Music		,Apple Music		,Mixer Box		,QQ音樂,不會，但使用電腦時會使用YouTube網頁版聽音樂,NONE,無,我不願意使用YouTubeMusic,學生 - 兼職打工/實習,"$10,001-$20,000",KKBOX
306,女,87,桃園市,每週4次以上,iPhone,Spotify,Apple Music,Street Voice 街聲,Spotify		,Street Voice 街聲		,Apple Music		,KKBOX		,My Music		,QQ音樂,Mixer Box		,不會,NONE,有,我只願意使用YouTubeMusic的免費版本(會有廣告),學生 - 兼職打工/實習,"$5,000以下",Spotify
286,女,88,台北市,每週4次以上,iPhone,KKBOX,Spotify,Street Voice 街聲,KKBOX		,Apple Music		,Spotify		,Mixer Box		,Street Voice 街聲		,My Music		,QQ音樂,會,每週1~2次,無,我只願意使用YouTubeMusic的免費版本(會有廣告),學生 - 未兼職,"$10,001-$20,000",KKBOX
182,男,88,高雄市,每週4次以上,iPhone,Apple Music,Spotify,Tidal,Apple Music		,Spotify		,KKBOX		,Mixer Box		,My Music		,QQ音樂,Street Voice 街聲		,不會,NONE,有,我不願意使用YouTubeMusic,學生 - 兼職打工/實習,"$5,000以下",Apple Music
239,男,84,高雄市,每週4次以上,iPhone,Apple Music,Spotify,Tidal,Apple Music		,Spotify		,KKBOX		,Street Voice 街聲		,My Music		,Mixer Box		,QQ音樂,不會,NONE,有,我不願意使用YouTubeMusic,學生 - 兼職打工/實習,"$20,001-$30,000",Apple Music
227,女,87,桃園市,每週4次以上,iPhone,KKBOX,Spotify,YouTube,KKBOX		,Spotify		,Mixer Box		,Apple Music		,My Music		,Street Voice 街聲		,QQ音樂,會,每週4次以上,有,我只願意使用YouTubeMusic的免費版本(會有廣告),學生 - 兼職打工/實習,"$10,001-$20,000",KKBOX
234,女,86,台南市,每週4次以上,Xiaomi(小米),Spotify,KKBOX,網易雲,Spotify		,KKBOX		,QQ音樂,Apple Music		,My Music		,Street Voice 街聲		,Mixer Box		,不會,NONE,有,我不願意使用YouTubeMusic,學生 - 兼職打工/實習,"$10,001-$20,000",Spotify